,Negative Balancing Energy Unit Price for Balance Groups (HUF/kWh)_t+15min,Positive Balancing Energy Unit Price for Balance Groups (HUF/kWh)_t+15min,System Direction (kWh)_t+15min,Negative Balancing Energy Unit Price for Balance Groups (HUF/kWh)_t+30min,Positive Balancing Energy Unit Price for Balance Groups (HUF/kWh)_t+30min,System Direction (kWh)_t+30min,Negative Balancing Energy Unit Price for Balance Groups (HUF/kWh)_t+45min,Positive Balancing Energy Unit Price for Balance Groups (HUF/kWh)_t+45min,System Direction (kWh)_t+45min,Negative Balancing Energy Unit Price for Balance Groups (HUF/kWh)_t+60min,Positive Balancing Energy Unit Price for Balance Groups (HUF/kWh)_t+60min,System Direction (kWh)_t+60min,Negative Balancing Energy Unit Price for Balance Groups (HUF/kWh)_t+75min,Positive Balancing Energy Unit Price for Balance Groups (HUF/kWh)_t+75min,System Direction (kWh)_t+75min
100m_wind_speed_mean,0.005466906048119791,0.005165788986265807,0.002698778466786348,0.0058404218509223935,0.0060643121703295695,0.0026348602235486468,0.007021548150759839,0.006391210049579672,0.004151728015583536,0.007704463207110735,0.00817626142418094,0.003253320833028818,0.007582493964871162,0.007015697185512465,0.00450608420168794
100m_wind_speed_std,0.001704856327602319,0.0024480325506244073,0.001893548217461054,0.0018459439283855998,0.0016680432874375014,0.002049690057488982,0.0015407388861517176,0.001542861745292561,0.0023505922204575284,0.0021705589391540344,0.002354661674264187,0.0022203382205552543,0.0023266116441082317,0.002331058847070426,0.0025433320734061966
10m_wind_speed_mean,0.004477298987383813,0.004825886408183714,0.002479413958778099,0.004943098625893936,0.005279287799232793,0.0034233477381755565,0.005950982094472965,0.005421658478481322,0.0034352098940432243,0.004355727467790152,0.0045404844416587365,0.00425020956862544,0.004163113744781549,0.0041533274849922235,0.0031058849535521337
10m_wind_speed_std,0.004295146363941638,0.004202166535498828,0.003195449589755856,0.00353870037784493,0.0036847578722652907,0.0028267240389538073,0.0021923088331928854,0.001913185522121925,0.00378504981391672,0.0025002364171003025,0.0021048125313213933,0.0023551668620985086,0.0034555354275815605,0.0034678351973062523,0.00274225570790681
Activated Negative aFRR Balancing Energy (kWh),0.018794028662130563,0.01939749365678326,0.01191328629781799,0.01353083197672995,0.013967748243204505,0.010473862993117837,0.011308404618766145,0.010673712217749352,0.010938926751651663,0.011203087187142136,0.01118083096010721,0.008676662429173069,0.013181691396401768,0.013659761219435133,0.010478702865476499
Activated Negative aFRR Balancing Energy Cost (HUF),0.0044931587147217554,0.00423940478277199,0.0015011894949418223,0.00347550271918983,0.003058382780659747,0.0012467420997629747,0.002944879073758148,0.002791346392829752,0.0011793574749794401,0.002806744159189793,0.0029572846913900946,0.001205244077396651,0.002365478730319728,0.002283808923667391,0.0012399825725027936
Activated Positive aFRR Balancing Energy (kWh),0.009268402665888062,0.009517067641830728,0.006369926590785144,0.007479285711507055,0.007736354646169048,0.006150965778421823,0.006757362453210269,0.0066211767973386485,0.004242425339649071,0.007010787308537328,0.006797021589984843,0.004676194840411517,0.006855231795252621,0.0076151157299416804,0.004219771595681049
Activated Positive aFRR Balancing Energy Cost (HUF),0.013860402776563344,0.014371508341032676,0.005810628017264116,0.010062221394890287,0.01027174306332505,0.004791106096329645,0.007008660282072332,0.007381531076705869,0.004183011995424021,0.007944297732976884,0.007857724134220768,0.004834381047468924,0.008527555882851175,0.008413779925861899,0.003805445977568115
Estimated Solar Power Production (Current),0.005437090994422305,0.005872318677632393,0.004271063958252034,0.005948816885743599,0.005903184105242781,0.004177961104485326,0.006574005094717358,0.006797691381725599,0.0036288676575321004,0.00849723269649694,0.00826095902806628,0.004393833480240255,0.008518419655465731,0.008686290689610087,0.0038927478361272735
Estimated Solar Power Production (Day-Ahead),0.005432590228260368,0.005787627298200459,0.0038653307493350443,0.005100883519794536,0.0051958964446334,0.004002110037675413,0.0047371982158099174,0.005031917739786195,0.005198981176020515,0.00572440005858034,0.005547823626091826,0.004124728334999236,0.0057150106705603325,0.0056547301197626045,0.004005423003050874
Estimated Solar Power Production (Intraday),0.005049999114573893,0.0043351797302408155,0.004737472067746511,0.005076128218821009,0.00511628409038725,0.004896894456270581,0.005944064911818168,0.006039719473437617,0.006541748924022976,0.007079218578814744,0.007078422502770809,0.00504463753704565,0.007084409508169664,0.0072141440650149895,0.005645848067556289
Estimated Wind Power Production (Current),0.0069039960222748165,0.006404221163216504,0.0036442740949307606,0.008740817133556822,0.008808781840346246,0.0036154528956131235,0.010689633318665459,0.010761478996880283,0.004099504736085419,0.010675301315839828,0.010511605663969664,0.003917573739806129,0.009363516038538546,0.009555586700862704,0.003904417294095333
Estimated Wind Power Production (Day-Ahead),0.007051923796339975,0.006868946770461503,0.004029956684555083,0.005503474363690549,0.005484987799984213,0.003874582451618966,0.006114759700812237,0.00589385769019002,0.004393258158498972,0.007140904097465863,0.0074749158767312114,0.003585392315518629,0.006273521614069933,0.00648258742663047,0.0034325504536478436
Estimated Wind Power Production (Intraday),0.009051832254347504,0.008128611627147756,0.004192672323629655,0.009286915922355183,0.009240077848726333,0.003654666684205768,0.010067764904759134,0.010030820173951658,0.004692785614250078,0.010474493864912848,0.010231689001124785,0.004406707795754983,0.009075118104783475,0.009392040031790293,0.004081477434139083
Gross Actual Power Plant Generation,0.006556606252929305,0.006202912244452336,0.003916989899764575,0.00691139584175462,0.0069664465550896785,0.0032917839241061756,0.006876004751580694,0.006770573727134586,0.004888016791481823,0.0058661609117476015,0.0055692635436327695,0.0035404014886615187,0.006524565697282015,0.006751278458255729,0.002987228988274438
Gross Certified System Load (Actual),0.007425937092009917,0.0074873733155289765,0.004850780181988807,0.0071730678078580235,0.007716662123872345,0.004291048751096287,0.007645590634396784,0.007737710778065593,0.004157720168760863,0.008044749878671497,0.007159670979777888,0.00469045455804685,0.0072324246645011055,0.007513789929421477,0.0036630788803453467
Gross Planned Power Plant Generation,0.005181877305260605,0.005306475745922035,0.003957378242289996,0.005004617896204946,0.004987536246135823,0.0034448028503979654,0.004667193161132354,0.005029770919016664,0.0035223691591366726,0.005978889709166248,0.0060381296670380825,0.0036120763016378983,0.00632849702977851,0.005986107178475686,0.003344439758421504
Gross System Load Forecast (Day-Ahead),0.009613874684327266,0.009644474668194835,0.005535051868321284,0.010610176165588995,0.01237849601763137,0.0082296755446391,0.013169200281585473,0.013181878190146833,0.007283924703643157,0.014564329467592688,0.014138164236859346,0.006410661874291787,0.012201100630424332,0.01301437788341316,0.0056530762770325505
HU-AT,0.004321817884396299,0.004261590082655147,0.003535146970252384,0.00436137961624919,0.004491575526727934,0.0039319531028532305,0.0038425618702235403,0.003939536842426423,0.0036076548318307346,0.0037416858538430685,0.004094873905752581,0.0034635580185479165,0.0033415857990492766,0.0036961770048101463,0.002994006874482264
HU-AT Schedule,0.01095819718236428,0.011263725579361563,0.007284786466958712,0.009178062293504945,0.009269080730022073,0.006810669920724724,0.00971278560037524,0.009492629337840413,0.007726774957355587,0.008782175916475444,0.008925830645472706,0.0070559234985194,0.009398633379378272,0.009427810488641896,0.0060894369747718485
HU-HR,0.005296064355430815,0.005625473189468584,0.0033603816912230735,0.005001544086101421,0.004920732165922516,0.0041587481506188285,0.0037914071888199485,0.0033304527263735735,0.00407646115272055,0.0034631868797774024,0.0031671230350373432,0.003679243191803744,0.0037953241663003156,0.0032927274759580087,0.00348238233837651
HU-HR Schedule,0.00914791339588004,0.009421058451841508,0.0046007540746226365,0.007906441683733681,0.008135809059370286,0.005224899431815575,0.006170733121656292,0.006270038786142197,0.004464459683836981,0.004707770813456512,0.005015522233104502,0.0045424961071160175,0.005957136043807236,0.006309414967480917,0.003996216606878442
HU-RO,0.006529367172155911,0.0067707416353093765,0.006043247049657823,0.006262911961815189,0.006640891604291892,0.006909082829736235,0.005706921299102981,0.006179702525807244,0.006614858420993551,0.00470784074771816,0.004425378833084551,0.005638585358758155,0.004986130284947057,0.005785892848063441,0.005050621785507156
HU-RO Schedule,0.012650578325682,0.012808668159204081,0.007918651415899047,0.012781662405829296,0.013250792064570669,0.009344009417489179,0.013849396538006523,0.013920449265926083,0.008694113209197848,0.012289415398096661,0.012419160732692353,0.010015914380564279,0.011773753227682936,0.012163143648321283,0.007695621935319741
HU-RS,0.004505374437529463,0.004871058633987672,0.0035369049283964504,0.003774713242929567,0.004102641565453087,0.004184572321159362,0.004246744516769445,0.004435208426910958,0.00349057029259306,0.0034893808162306866,0.003614784105543254,0.003458481386505991,0.0031823447852296683,0.0034766356241891228,0.003074767240405985
HU-RS Schedule,0.007889230750839419,0.007753149154641278,0.005217138143481612,0.006169610574812997,0.00649607561970697,0.005505938930621778,0.005565952597533305,0.005316377283303279,0.0053042311080310125,0.0036148822090120757,0.0038372517074186764,0.0038592986522497257,0.005640432214425073,0.006441486744559552,0.004219182288324396
HU-SK,0.006424874157354157,0.006758616119993168,0.005384035438001205,0.006542224151900064,0.006840634566827805,0.004682982323769099,0.005503264087962694,0.0053324761719424265,0.004278949946158685,0.005925225178142978,0.005669723850191036,0.004015155147383786,0.0055091310201785745,0.006065150275203825,0.004401414382831979
HU-SK Schedule,0.007764856615736245,0.007176166144107855,0.005711624704933445,0.007546522763161989,0.00764746353865787,0.00569013244456255,0.008169004422741453,0.008382011318342483,0.005683046746810805,0.007287702720065466,0.007286317827401671,0.005613236400772338,0.00614704187548532,0.0059449745289297425,0.004934669839800937
HU-UA,0.0027599290576572687,0.0029918309698745587,0.003095211329560101,0.002883852869243114,0.0030143108448466476,0.00331363714707627,0.0032352285455566746,0.002879997516583677,0.0027209705158075847,0.002751373373467386,0.0024902607267691564,0.0027435914800930106,0.0017972005428732358,0.0023273035110806853,0.0026563088124921625
HU-UA Schedule,0.0027483761057073937,0.0028156674993721027,0.005088680915493024,0.0028342747176187005,0.0025478019776725433,0.0059504300215011425,0.0026566564736611327,0.002621933850308778,0.005195509679829775,0.0024939480604825805,0.002453072704567421,0.004611462047680471,0.003018037185736466,0.003158257393060194,0.004179203222020806
Negative Balancing Energy Unit Price for Balance Groups (HUF/kWh),0.040961693096080345,0.04280024905837418,0.007128143906821878,0.03233589116701614,0.03246287337510785,0.005337524846848191,0.023575880417988353,0.02377713772777697,0.0053307128659348104,0.018549478350246593,0.01869265989109594,0.006606836096563371,0.015543655110131092,0.01605694928588182,0.007100520399733854
Negative GCC Energy (kWh),0.03542744864511732,0.03571445503561753,0.01581625530951028,0.030747001581230643,0.031578762905501025,0.017939253449531314,0.031053730427129084,0.029888545544511223,0.01681722563181478,0.03055339520539583,0.030496815917133702,0.016664384198151673,0.026965508480139427,0.02805127250036794,0.0146047341432331
Positive Balancing Energy Unit Price for Balance Groups (HUF/kWh),0.046629211160022443,0.048555239381137295,0.007172859132406302,0.03538522776389714,0.036520524664699044,0.007009485350491775,0.027702637006735198,0.02843463813370044,0.006106425966480379,0.022690875861035326,0.02232801882406802,0.007078730779977423,0.01682338352022766,0.017570735987723858,0.0077744236864084
Positive GCC Energy (kWh),0.01403504612983561,0.014268113199019763,0.004595361090194455,0.012720462301578209,0.013481806307172156,0.0044513560919763,0.014563017286027649,0.01420168508091465,0.00438404994309268,0.01328271572672229,0.01351936197529221,0.00397928510203975,0.011295592217166816,0.0119333062386253,0.003912227434334432
Requested Negative aFRR Balancing Energy (kWh),0.01954918060832415,0.02072995205677498,0.012627745505274787,0.012416629810428185,0.012725128563631245,0.011702282574291236,0.011041077212889288,0.010616015515534219,0.011028550074491078,0.011291159575899884,0.011920574831757222,0.009481490145602242,0.01267202659382417,0.013285144992794744,0.010271349883684697
Requested Positive aFRR Balancing Energy (kWh),0.01037012585747616,0.010638833990995038,0.007065863310990972,0.008044461202366892,0.008579640682760192,0.006815314801131353,0.007011879830377302,0.006840519173059147,0.004591661969619503,0.007972524991758064,0.008063313554269563,0.005293872311960649,0.007140912906570748,0.0078305816269552,0.00511756124104204
Solar Power Plants Net (Operational Control),0.008865256925097492,0.007404922923338109,0.004388690500068702,0.009732487553354803,0.009700031131342211,0.0039030861853429086,0.011649894215627047,0.012479621916178628,0.004452555663984458,0.013744525588600847,0.013859127270260613,0.00385583332211155,0.01264480638471771,0.01315365472177473,0.004365820298021798
System Direction (kWh),0.006289821272090318,0.006278254416492349,0.05927992056172465,0.0057779145790374286,0.006089799789876212,0.05174176401982268,0.005940519088203076,0.006209731925643268,0.044171443950247836,0.006010654292151821,0.0070043402863107975,0.03748867343313975,0.005821344208624108,0.00651777647586387,0.03218753744142054
UTCdate,0.0053563036900441145,0.004405889485076841,0.009796569588525244,0.006788942682384004,0.0066454035855040275,0.010002729396388077,0.005303298922216527,0.0060095949717022,0.01554324417317548,0.00623877596055172,0.0061386481796276374,0.010322889712238976,0.006249806061593062,0.007113826814357708,0.014244416431533864
Wind Power Actual - Net Commercial Settlement,0.006311676028139403,0.0063391805848774085,0.005385308318568321,0.005658231167489968,0.005680317112247735,0.00446330945592349,0.006020171666545821,0.006110243612803845,0.003191557838922108,0.00801749531802804,0.007548534647650195,0.004003399100885113,0.007170269168856806,0.007503477196103177,0.003724597123208605
Wind Power Actual - Net Operational Control,0.004758989692446131,0.004760462705883026,0.0038801833170330606,0.004889941143173195,0.004853804684183956,0.004097810278745004,0.0055625457974383145,0.005562592825843831,0.004136209755179038,0.006303762541875539,0.005990415733534462,0.0037113946662984515,0.006062083947964368,0.006521306457759647,0.002297968491757766
day_of_year,0.02202026753965765,0.020427913294173778,0.018017046262975782,0.01904138080775738,0.017638294567819686,0.0074513624610608245,0.020587781961541624,0.01828318381216377,0.013360860077576945,0.02227082976512611,0.020703532492276282,0.013227912382222711,0.016978214126080273,0.01714211083832197,0.015283473216462881
dayofweek,0.002097898232036869,0.0024210364606386463,0.0024257365615794695,0.00319404783896249,0.0031257971572654242,0.00212260766896884,0.002332361572987537,0.0031026744148750823,0.0041732007772425275,0.004802602691907168,0.0036648190330706714,0.0019869116907188984,0.005258103078616159,0.004308611516808923,0.0022244128033266863
dayofweek_cos,0.00978142796381144,0.009782889489200898,0.0019987692157772017,0.009164846460917033,0.01092510996456258,0.002336826641068001,0.008943689876861755,0.010371650965302251,0.0013918543737810297,0.009305646286869888,0.008971686782904727,0.0017784002378182322,0.006183072874264326,0.007013250392335977,0.0014365748711111337
dayofweek_sin,0.0034442657635236173,0.0023891146322775965,0.0021201589536788672,0.004254246010241332,0.004370238363761018,0.003912042501982797,0.006244606423075311,0.0064950135194812905,0.003434606046367435,0.006109430584023357,0.005380845614381542,0.0032792831168189877,0.0070240397463785485,0.006814668207080103,0.001843206557680304
hour,0.007275678895229021,0.00708095097722071,0.010567535071291786,0.0072961695574813345,0.006580531805372629,0.010236842182475812,0.010957456814116086,0.009736527405138076,0.008712687473387631,0.015150436968313443,0.01576716739947119,0.004248940361092537,0.004925515285041911,0.004924314390952532,0.012061583856308062
is_holiday,0.00243908409038425,0.002816544308861512,0.0022360605058140094,0.0026870117866677904,0.0027780614516021004,0.002790571190365518,0.0027178723365179165,0.0026873810108551427,0.002367413188005139,0.0028357728815619114,0.0024733892478906424,0.0020167466976831277,0.002265368397346435,0.0022716882052251663,0.002232420448650873
ssrd_mean,0.006682611383313724,0.006908785171688943,0.005028596008876163,0.004707635026775983,0.004839241909199121,0.0038295736850651337,0.0036696052617841354,0.003710923164039923,0.004252555615845256,0.0016950921741951334,0.0019508716559786595,0.004399404894470581,0.004485587156494422,0.00543544105964088,0.005019287982570312
ssrd_std,0.005101220106930174,0.005171050877096422,0.002005957482196288,0.0041130915600578076,0.004342031051268578,0.0022804004013346458,0.004008518253398552,0.0035164506295505445,0.0022741033825064818,0.003141220014393207,0.0028225727835197857,0.002464108854948958,0.0040804621977356525,0.004570457267746224,0.0022379042252532386
temp_mean,0.0018334905451657959,0.0019849482291973064,0.001599630798111019,0.001470489718020002,0.001584571351303059,0.0015853380471676475,0.0016157366755408446,0.0016693937511084525,0.0016105450732920117,0.0017645744696354684,0.001684203103765543,0.001528165783978163,0.0015478581421159902,0.001730142362049878,0.001575680322070653
temp_std,0.0034610399497564124,0.003491690003863886,0.0014642836434339372,0.002548858649332874,0.002596816445315426,0.001466556448188254,0.0021457859242495396,0.0022411182510051674,0.00177957783924046,0.0024123537815594733,0.00254562070009253,0.0015428035246909419,0.002764936635349226,0.002715110431875985,0.0015807698187884568
