feature,mean_abs_shap
Positive Balancing Energy Unit Price for Balance Groups (HUF/kWh),10748.908497340093
Negative GCC Energy (kWh),10666.829130051634
Negative Balancing Energy Unit Price for Balance Groups (HUF/kWh),10074.893686994119
Positive GCC Energy (kWh),6349.625956421656
Requested Negative aFRR Balancing Energy (kWh),5935.611020310379
Activated Negative aFRR Balancing Energy (kWh),5881.706824938469
Activated Positive aFRR Balancing Energy Cost (HUF),4748.656052560895
Requested Positive aFRR Balancing Energy (kWh),4337.201961874761
Negative GCC Energy (kWh)_t-60min,4197.063091011232
day_of_year,4117.1707746625725
Activated Positive aFRR Balancing Energy (kWh),3844.7461047647676
Solar Power Plants Net (Operational Control)_t-45min,3488.3895090210626
Solar Power Plants Net (Operational Control)_t-60min,3251.007691929815
Solar Power Plants Net (Operational Control)_t-105min,3088.773945636151
Gross Certified System Load (Actual),3039.095458928904
Gross System Load Forecast (Day-Ahead)_t+60min,3021.8921989673895
Solar Power Plants Net (Operational Control)_t-90min,3011.6047714006104
Requested Negative aFRR Balancing Energy (kWh)_t-60min,2973.301584653409
Activated Negative aFRR Balancing Energy (kWh)_t-60min,2755.234717971416
Solar Power Plants Net (Operational Control)_t-75min,2721.5563738658307
Negative GCC Energy (kWh)_t-15min,2632.207541816215
Negative GCC Energy (kWh)_t-30min,2543.364358613427
Positive Balancing Energy Unit Price for Balance Groups (HUF/kWh)_t-15min,2531.892340279275
Gross System Load Forecast (Day-Ahead)_t+75min,2516.973635503824
Solar Power Plants Net (Operational Control)_t-30min,2494.076004499372
Negative GCC Energy (kWh)_t-45min,2466.266675997841
Positive Balancing Energy Unit Price for Balance Groups (HUF/kWh)_t-30min,2385.731942537829
Solar Power Plants Net (Operational Control)_t-120min,2382.8699020831
HU-AT Schedule_t+165min,2373.9104299248984
Negative Balancing Energy Unit Price for Balance Groups (HUF/kWh)_t-15min,2150.7787781218203
Gross System Load Forecast (Day-Ahead)_t+45min,2141.2201365875203
HU-AT Schedule_t+15min,2091.024040289469
Solar Power Plants Net (Operational Control)_t-150min,2089.820261099701
HU-AT Schedule_t+90min,2085.9370587221983
Requested Positive aFRR Balancing Energy (kWh)_t-60min,2065.9599130249608
Requested Negative aFRR Balancing Energy (kWh)_t-15min,2026.8237603578013
Negative GCC Energy (kWh)_t-75min,2020.1014767223603
Positive GCC Energy (kWh)_t-60min,2002.76677641371
HU-HR Schedule_t+90min,1997.5585524749954
Estimated Solar Power Production (Intraday)_t+135min,1991.0668530879404
HU-AT Schedule_t+240min,1979.4178917003724
HU-HR Schedule_t+30min,1974.2369497735833
HU-RO Schedule_t+195min,1962.514266683001
Gross Actual Power Plant Generation_t-15min,1962.4546591167248
HU-RO Schedule_t+15min,1941.1377291274528
Gross System Load Forecast (Day-Ahead)_t+90min,1935.611943200345
Estimated Solar Power Production (Current)_t+195min,1931.239714436302
Activated Positive aFRR Balancing Energy (kWh)_t-60min,1923.368264536165
dayofweek_cos,1893.0207082200855
Estimated Solar Power Production (Current)_t+105min,1879.8277664151262
Solar Power Plants Net (Operational Control)_t-135min,1842.8990087504922
Estimated Solar Power Production (Current)_t+165min,1830.4171770829155
HU-HR Schedule_t+15min,1797.3213006012104
Estimated Solar Power Production (Intraday)_t+105min,1790.6468251666076
Estimated Solar Power Production (Current)_t+150min,1769.838812176005
Negative Balancing Energy Unit Price for Balance Groups (HUF/kWh)_t-30min,1768.9089357929295
HU-AT Schedule_t+45min,1746.5278487722412
HU-RO Schedule_t+315min,1746.4383596110745
HU-HR,1742.2585925032881
HU-AT Schedule_t+210min,1730.0906606375827
HU-AT Schedule_t+225min,1721.8077423022664
Estimated Wind Power Production (Intraday)_t+150min,1694.232724550654
Gross Actual Power Plant Generation_t-30min,1690.8468068948514
System Direction (kWh),1671.1811961366147
HU-RO Schedule_t+180min,1663.0074965647543
Estimated Solar Power Production (Current)_t+75min,1659.7285006066168
Activated Negative aFRR Balancing Energy (kWh)_t-15min,1654.1293536353726
Gross Actual Power Plant Generation,1653.265044777441
Negative GCC Energy (kWh)_t-105min,1652.5827284637048
Activated Negative aFRR Balancing Energy (kWh)_t-45min,1649.5195118813804
Gross System Load Forecast (Day-Ahead)_t+30min,1641.0701629813416
Activated Negative aFRR Balancing Energy (kWh)_t-30min,1603.6485091540783
Positive Balancing Energy Unit Price for Balance Groups (HUF/kWh)_t-45min,1595.569669558703
Estimated Solar Power Production (Current)_t+120min,1578.4603925377128
Estimated Solar Power Production (Current)_t+135min,1572.4949245156984
HU-RO Schedule_t+210min,1567.369426424469
Estimated Solar Power Production (Current)_t+90min,1566.2836529892343
Estimated Wind Power Production (Intraday)_t+135min,1556.2934890542035
HU-RO Schedule_t+225min,1540.9257210548935
Requested Negative aFRR Balancing Energy (kWh)_t-45min,1537.2180037231317
HU-SK Schedule_t+15min,1529.174864886821
Estimated Solar Power Production (Intraday)_t+120min,1510.7180920060064
HU-SK_t-15min,1509.9160863157417
hour,1497.4001008284122
Estimated Solar Power Production (Current)_t+180min,1491.5197947779516
HU-RO Schedule_t+240min,1488.8367433529131
Estimated Wind Power Production (Current)_t+120min,1488.2366335248619
HU-RO Schedule_t+30min,1483.0236660716896
Estimated Wind Power Production (Current)_t+150min,1477.3189359472553
ssrd_mean_t+15min,1465.6812080059954
HU-AT Schedule_t+75min,1457.7518226482107
Estimated Wind Power Production (Current)_t+135min,1453.711192000294
HU-HR Schedule_t+45min,1439.8872926663703
HU-RO Schedule_t+255min,1438.4161703119335
ssrd_std,1424.7261763621104
Activated Positive aFRR Balancing Energy Cost (HUF)_t-15min,1420.5619972827847
Gross Planned Power Plant Generation_t+60min,1420.3765248264995
HU-SK Schedule_t+90min,1415.3322535075574
Requested Negative aFRR Balancing Energy (kWh)_t-30min,1413.6192057885116
HU-SK Schedule,1411.438108040442
Gross Planned Power Plant Generation_t+105min,1402.5029967378327
HU-RO Schedule_t+60min,1402.1262168254912
ssrd_mean_t+60min,1401.9351870399537
Solar Power Plants Net (Operational Control)_t-15min,1398.0474420906157
ssrd_mean,1396.8893276709998
Positive GCC Energy (kWh)_t-30min,1396.003074920439
HU-AT Schedule_t+420min,1385.0735102811639
Solar Power Plants Net (Operational Control)_t-165min,1383.92899161346
Gross System Load Forecast (Day-Ahead)_t+225min,1375.2073989964274
Gross Actual Power Plant Generation_t-225min,1373.6427685799565
Estimated Wind Power Production (Intraday)_t+165min,1370.0256472045328
Gross Planned Power Plant Generation_t+75min,1359.1942875426607
HU-SK,1347.9848689939072
Estimated Solar Power Production (Intraday)_t+150min,1337.1349350380788
Gross Planned Power Plant Generation_t+420min,1336.1850745171737
Positive GCC Energy (kWh)_t-45min,1330.713774215134
Estimated Solar Power Production (Intraday)_t+195min,1330.1027504930294
Estimated Wind Power Production (Intraday)_t+105min,1329.3124477780832
HU-AT Schedule_t+60min,1326.884274992592
HU-AT_t-525min,1316.9952981739368
Solar Power Plants Net (Operational Control),1313.7589798686777
Wind Power Actual - Net Commercial Settlement_t-30min,1308.9457459469884
Wind Power Actual - Net Operational Control_t-30min,1305.337757700809
HU-AT Schedule,1298.6893006438454
HU-UA Schedule_t+435min,1291.8646313356926
Gross Actual Power Plant Generation_t-300min,1291.684152406604
Gross Certified System Load (Actual)_t-15min,1287.795033377709
Gross Actual Power Plant Generation_t-255min,1279.6236982306223
Solar Power Plants Net (Operational Control)_t-330min,1275.633161294667
HU-SK Schedule_t+270min,1275.4787942455564
HU-AT Schedule_t+30min,1265.9483082712914
HU-AT_t-495min,1260.4193055532517
Estimated Solar Power Production (Current)_t+60min,1258.8773100314233
Solar Power Plants Net (Operational Control)_t-180min,1258.1380705291047
ssrd_std_t+75min,1256.672661563206
Negative Balancing Energy Unit Price for Balance Groups (HUF/kWh)_t-45min,1247.3084416745323
HU-SK_t-30min,1238.9944202816466
HU-AT Schedule_t+270min,1229.359228117626
HU-RO Schedule_t+75min,1228.7622856632388
HU-HR Schedule_t+75min,1227.9994165331375
dayofweek_sin,1226.4547127160372
HU-HR Schedule_t+60min,1224.608534186797
Gross Certified System Load (Actual)_t-600min,1215.2128548316173
Estimated Wind Power Production (Current)_t+165min,1215.181085213443
HU-HR Schedule_t+105min,1210.6016734595457
Estimated Solar Power Production (Intraday)_t+90min,1210.0816018230016
Estimated Solar Power Production (Intraday)_t+180min,1203.854998245537
Wind Power Actual - Net Operational Control_t-15min,1199.4812784891506
HU-UA Schedule_t+690min,1191.8811092143667
System Direction (kWh)_t-45min,1190.287263443736
Activated Positive aFRR Balancing Energy Cost (HUF)_t-45min,1185.0591076554178
100m_wind_speed_mean_t+15min,1179.8870234116152
Estimated Solar Power Production (Current)_t+225min,1175.599703743607
Gross Planned Power Plant Generation_t+45min,1170.934862703742
10m_wind_speed_mean_t+75min,1169.8485903109597
HU-AT Schedule_t+540min,1166.9955800386888
Estimated Wind Power Production (Current)_t+105min,1164.205784007119
Estimated Solar Power Production (Day-Ahead)_t+375min,1164.181358480013
HU-SK Schedule_t+285min,1156.7683892107038
Gross System Load Forecast (Day-Ahead)_t+240min,1151.9867271669345
HU-RO Schedule,1142.4269885352687
HU-AT Schedule_t+390min,1142.0105103514786
Solar Power Plants Net (Operational Control)_t-300min,1134.4331106228246
Estimated Solar Power Production (Day-Ahead)_t+315min,1130.691893497436
HU-SK Schedule_t+255min,1128.1593312198454
HU-AT Schedule_t+180min,1126.310554771892
Gross Actual Power Plant Generation_t-210min,1124.1530473466792
HU-RO Schedule_t+45min,1118.937792586154
HU-SK Schedule_t+45min,1118.6718278008098
Activated Positive aFRR Balancing Energy Cost (HUF)_t-60min,1117.2525348253266
HU-UA Schedule_t+255min,1116.563514264384
Requested Positive aFRR Balancing Energy (kWh)_t-15min,1114.1874766520732
Positive GCC Energy (kWh)_t-15min,1111.7800140178315
HU-AT Schedule_t+285min,1109.3716903088614
HU-AT Schedule_t+255min,1100.157749460348
Wind Power Actual - Net Commercial Settlement_t-45min,1098.5606024287745
HU-UA Schedule_t+705min,1095.7180581901303
Estimated Solar Power Production (Day-Ahead)_t+360min,1091.3793097428788
HU-RO Schedule_t+300min,1087.2671831153511
Estimated Solar Power Production (Day-Ahead)_t+285min,1086.655917495686
HU-AT Schedule_t+510min,1083.3679260315942
Requested Negative aFRR Balancing Energy (kWh)_t-300min,1076.76626256687
Activated Negative aFRR Balancing Energy Cost (HUF),1074.3466601149944
Requested Positive aFRR Balancing Energy (kWh)_t-45min,1073.3998054889962
HU-HR Schedule_t+375min,1071.4007321655877
Activated Positive aFRR Balancing Energy (kWh)_t-15min,1064.2385965044705
HU-UA_t-270min,1063.9754852517515
HU-UA_t-420min,1059.4736668827802
Gross Planned Power Plant Generation_t+390min,1058.486623336445
Wind Power Actual - Net Commercial Settlement_t-15min,1050.7737619214186
Estimated Wind Power Production (Day-Ahead)_t+195min,1042.2821977234341
Gross Planned Power Plant Generation_t+30min,1029.8722341184819
HU-HR Schedule,1028.4426954768514
Gross System Load Forecast (Day-Ahead)_t+105min,1027.9932187347022
HU-HR Schedule_t+240min,1026.5512033282157
Gross Actual Power Plant Generation_t-240min,1025.3078793909904
Gross System Load Forecast (Day-Ahead)_t+150min,1025.191084019489
Gross Planned Power Plant Generation_t+120min,1021.0666871727402
Estimated Solar Power Production (Intraday)_t+165min,1020.853998966435
Solar Power Plants Net (Operational Control)_t-210min,1017.8906706382344
temp_mean_t+15min,1017.785711300231
HU-AT Schedule_t+615min,1016.0682198626816
HU-SK Schedule_t+75min,1014.202753323083
Positive Balancing Energy Unit Price for Balance Groups (HUF/kWh)_t-60min,1013.1602787657291
Estimated Solar Power Production (Day-Ahead)_t+345min,1011.5078866778954
System Direction (kWh)_t-15min,1007.6237182285829
ssrd_mean_t+75min,1004.1216249683191
Estimated Solar Power Production (Current)_t+240min,998.2824727557986
Solar Power Plants Net (Operational Control)_t-270min,992.8335097065535
Negative GCC Energy (kWh)_t-135min,991.0257511861753
Gross Actual Power Plant Generation_t-330min,983.4781145220552
Gross Actual Power Plant Generation_t-390min,982.6538398478322
Estimated Solar Power Production (Day-Ahead)_t+270min,982.5859965919888
HU-RO Schedule_t+615min,981.2427675320795
HU-SK Schedule_t+240min,980.0235537475538
Gross Planned Power Plant Generation_t+135min,978.0113139392536
HU-UA_t-495min,974.200021438739
Negative GCC Energy (kWh)_t-120min,973.499885636375
HU-UA Schedule_t+720min,970.6767814906477
Estimated Wind Power Production (Intraday)_t+120min,966.6238742124267
HU-UA Schedule_t+675min,965.8515005102331
HU-HR Schedule_t+120min,962.0868628738219
HU-HR Schedule_t+270min,961.3264176910228
HU-AT_t-30min,960.7223816778309
HU-UA Schedule_t+615min,960.5413440175153
10m_wind_speed_mean,954.7417661854446
HU-AT Schedule_t+135min,953.2043790438088
Requested Positive aFRR Balancing Energy (kWh)_t-300min,952.1846077211035
HU-SK_t-255min,950.9002755846548
Estimated Solar Power Production (Current)_t+210min,949.789485946083
Gross Planned Power Plant Generation_t+195min,948.9478196269015
HU-RO Schedule_t+600min,944.003369342984
HU-RS_t-570min,941.9236494158697
HU-SK Schedule_t+30min,941.1786929871487
HU-UA_t-375min,937.1148957632568
HU-RS Schedule_t+30min,925.9375491044427
HU-RO_t-540min,925.6680293928085
HU-SK_t-135min,925.2382995810669
Gross Planned Power Plant Generation_t+375min,919.6164470298118
HU-SK Schedule_t+210min,917.3215675304332
HU-AT Schedule_t+195min,915.0372048115723
Activated Positive aFRR Balancing Energy Cost (HUF)_t-30min,914.201183645546
Negative GCC Energy (kWh)_t-345min,909.5977465413905
HU-AT Schedule_t+600min,907.4697531755021
Solar Power Plants Net (Operational Control)_t-390min,904.2287585913772
Negative GCC Energy (kWh)_t-300min,903.661389244908
10m_wind_speed_std_t+75min,902.8449873415841
Estimated Wind Power Production (Current)_t+180min,897.4394561437957
Requested Negative aFRR Balancing Energy (kWh)_t-345min,897.108598869155
HU-RO Schedule_t+555min,897.0213821301855
Estimated Wind Power Production (Day-Ahead)_t+180min,893.5885012021113
HU-UA Schedule_t+645min,893.5697593812272
Estimated Solar Power Production (Current)_t+405min,893.2120128987832
Requested Negative aFRR Balancing Energy (kWh)_t-360min,890.1299811926415
HU-AT Schedule_t+660min,888.4168868930815
Negative Balancing Energy Unit Price for Balance Groups (HUF/kWh)_t-60min,886.8996488162148
Gross System Load Forecast (Day-Ahead)_t+195min,886.7578803316114
Activated Negative aFRR Balancing Energy (kWh)_t-465min,885.616449511963
Gross Actual Power Plant Generation_t-315min,881.947379334201
Gross Actual Power Plant Generation_t-450min,878.942813560165
Gross Planned Power Plant Generation_t+15min,878.4274304200934
System Direction (kWh)_t-30min,877.3989578970692
HU-RS,877.0419361466786
100m_wind_speed_mean,874.5830158159798
Gross Certified System Load (Actual)_t-330min,874.2035306649796
Activated Negative aFRR Balancing Energy (kWh)_t-480min,873.7272229436339
HU-UA_t-30min,871.2809571490629
HU-UA Schedule_t+225min,870.8930400162815
Estimated Solar Power Production (Day-Ahead)_t+240min,870.691958888546
HU-AT Schedule_t+450min,864.1429253011476
HU-HR Schedule_t+510min,864.0819418620262
HU-UA Schedule_t+660min,863.6074853968851
HU-HR Schedule_t+330min,863.6069903242577
ssrd_mean_t+30min,863.3030727143629
HU-RO Schedule_t+510min,862.9951117259643
Gross Actual Power Plant Generation_t-120min,862.1974755087064
HU-SK_t-570min,861.7506634784645
temp_std_t+75min,859.3510681626512
HU-AT_t-480min,859.114020423837
Estimated Solar Power Production (Day-Ahead)_t+300min,857.1687737690443
Gross Planned Power Plant Generation_t+465min,856.8298054623601
HU-RO Schedule_t+690min,852.8311336038689
HU-SK Schedule_t+555min,852.5490172382636
HU-HR Schedule_t+150min,852.1171733222228
Estimated Solar Power Production (Intraday)_t+345min,851.2727793135929
Gross System Load Forecast (Day-Ahead)_t+465min,848.5200664304855
Estimated Solar Power Production (Current)_t+600min,846.958144241674
Activated Negative aFRR Balancing Energy (kWh)_t-360min,843.5882896935736
HU-AT Schedule_t+585min,840.5215184767962
HU-HR Schedule_t+180min,840.4440340683085
Gross Actual Power Plant Generation_t-60min,838.4538487706288
HU-RS Schedule_t+90min,838.4227254885693
HU-AT Schedule_t+120min,838.2490331458822
Gross Actual Power Plant Generation_t-285min,835.6226500394955
Activated Negative aFRR Balancing Energy (kWh)_t-300min,834.3364375938081
Negative GCC Energy (kWh)_t-90min,833.9218415714782
HU-AT Schedule_t+690min,833.3756263615887
HU-HR Schedule_t+225min,833.0784579393732
Estimated Solar Power Production (Current)_t+30min,830.7384388870871
Estimated Wind Power Production (Day-Ahead)_t+135min,829.7124721345318
HU-HR Schedule_t+195min,828.6482769648541
HU-UA_t-480min,828.5053639621158
Gross Planned Power Plant Generation_t+90min,828.3650575997076
HU-SK_t-480min,824.2890974766696
HU-RO Schedule_t+390min,820.2930888328033
Activated Negative aFRR Balancing Energy (kWh)_t-330min,817.5663125821685
HU-RS Schedule_t+150min,817.0235701751454
HU-AT_t-540min,816.1846399965523
Gross System Load Forecast (Day-Ahead)_t+375min,815.2275686985031
System Direction (kWh)_t-60min,815.1837649731845
HU-HR Schedule_t+210min,814.1913576074949
HU-RO Schedule_t+465min,813.6874798156923
HU-UA_t-360min,812.5028979294885
temp_mean,809.8347695877322
HU-UA_t-225min,806.6341235102545
HU-RS Schedule_t+15min,804.8552412633595
HU-AT_t-15min,804.1150937123497
Requested Positive aFRR Balancing Energy (kWh)_t-270min,802.9406155375916
HU-UA_t-60min,801.2680459861726
Gross Certified System Load (Actual)_t-345min,799.7057448204771
Requested Negative aFRR Balancing Energy (kWh)_t-420min,799.310609152566
Negative GCC Energy (kWh)_t-150min,798.9555747830548
HU-UA Schedule_t+345min,796.0829102122927
Gross Certified System Load (Actual)_t-360min,795.3479670569077
Activated Positive aFRR Balancing Energy (kWh)_t-30min,795.1044960935143
Activated Positive aFRR Balancing Energy (kWh)_t-45min,794.8942159916222
HU-SK_t-90min,793.4978748573151
Gross Certified System Load (Actual)_t-495min,792.855997432388
Negative GCC Energy (kWh)_t-405min,790.9705007719691
Estimated Wind Power Production (Intraday)_t+180min,789.4766285968986
HU-UA_t-405min,789.3182834918039
Solar Power Plants Net (Operational Control)_t-315min,788.3938836423367
Estimated Wind Power Production (Current)_t+90min,785.6177643324809
Requested Negative aFRR Balancing Energy (kWh)_t-285min,784.6731066866025
HU-RO Schedule_t+720min,783.7557987079583
Gross System Load Forecast (Day-Ahead)_t+165min,783.3157321058128
Activated Positive aFRR Balancing Energy Cost (HUF)_t-105min,782.282362994376
Activated Negative aFRR Balancing Energy (kWh)_t-405min,781.7299636423124
Requested Positive aFRR Balancing Energy (kWh)_t-240min,781.3992042997337
Gross Planned Power Plant Generation_t+180min,781.2970771240854
Gross System Load Forecast (Day-Ahead)_t+270min,780.3513066672265
HU-RO_t-525min,778.997342348844
Gross Actual Power Plant Generation_t-270min,778.6478267442205
HU-RS Schedule_t+105min,778.4538771214056
HU-AT Schedule_t+630min,777.3460527962678
HU-UA_t-600min,774.6396289866803
Estimated Wind Power Production (Day-Ahead)_t+150min,773.2537033650549
Negative GCC Energy (kWh)_t-270min,773.1022338620244
Requested Positive aFRR Balancing Energy (kWh)_t-30min,772.1853042833812
Wind Power Actual - Net Commercial Settlement,771.0159200985321
10m_wind_speed_std,770.636803574153
Gross System Load Forecast (Day-Ahead)_t+15min,769.2028658952634
HU-SK Schedule_t+60min,769.1246975238362
Negative GCC Energy (kWh)_t-255min,768.4845769836097
Requested Negative aFRR Balancing Energy (kWh)_t-75min,768.3816283776719
HU-AT Schedule_t+435min,766.7586490152978
HU-SK_t-360min,766.312308686439
Gross System Load Forecast (Day-Ahead)_t+345min,765.0391917032487
HU-SK Schedule_t+510min,762.044586289582
Negative GCC Energy (kWh)_t-285min,761.7413546092669
Activated Positive aFRR Balancing Energy Cost (HUF)_t-240min,758.9146917057989
HU-HR Schedule_t+570min,758.5542020244319
HU-SK Schedule_t+300min,757.6370539745014
HU-SK_t-345min,754.258928160998
HU-UA,753.9723338376913
ssrd_mean_t+45min,753.8898035881002
HU-SK Schedule_t+225min,753.5765172831
Gross Planned Power Plant Generation_t+720min,752.1936852476388
HU-UA Schedule_t+330min,752.1888499276441
HU-AT Schedule_t+525min,751.5037436560744
Wind Power Actual - Net Operational Control_t-45min,751.115386990673
Gross Actual Power Plant Generation_t-375min,751.0587274834938
Solar Power Plants Net (Operational Control)_t-240min,750.5855540970081
HU-AT Schedule_t+300min,749.258939735598
dayofweek,748.6403632075966
Gross Actual Power Plant Generation_t-345min,748.5591448421086
Gross System Load Forecast (Day-Ahead)_t+390min,745.4396315404143
Estimated Wind Power Production (Current)_t+195min,744.5870518369316
HU-UA Schedule_t+90min,743.5796742769003
HU-HR Schedule_t+390min,743.5206956295838
Negative GCC Energy (kWh)_t-360min,743.3786799400796
HU-UA Schedule_t+150min,743.1677719268662
Estimated Solar Power Production (Intraday)_t+60min,741.7297847882701
Estimated Wind Power Production (Day-Ahead)_t+240min,740.2650543630034
HU-RS_t-600min,739.9216615129566
HU-RO_t-285min,739.1053403711319
HU-AT,738.1595836965294
HU-AT_t-60min,738.155411618129
Gross Certified System Load (Actual)_t-585min,736.4333080316189
Estimated Solar Power Production (Day-Ahead)_t+255min,733.9918201284984
HU-UA_t-165min,732.0925332249694
Activated Negative aFRR Balancing Energy (kWh)_t-285min,731.4289338605265
HU-HR Schedule_t+135min,730.7730052629469
Solar Power Plants Net (Operational Control)_t-195min,730.2399214890577
Requested Negative aFRR Balancing Energy (kWh)_t-495min,726.8925216780633
Activated Negative aFRR Balancing Energy (kWh)_t-420min,724.7619519511552
HU-RO_t-255min,724.5941784899617
HU-AT_t-45min,724.5423891391172
HU-UA Schedule_t+165min,724.5156461907275
temp_mean_t+75min,724.464878563843
HU-UA Schedule_t+525min,723.5694215738712
HU-SK Schedule_t+105min,723.3748253834357
HU-UA Schedule_t+630min,723.0685093839621
HU-SK Schedule_t+180min,720.2908512130034
HU-RO Schedule_t+375min,719.204312096113
HU-SK_t-435min,718.4511515973662
Gross Actual Power Plant Generation_t-75min,717.559386068661
Negative GCC Energy (kWh)_t-540min,714.5713212002478
Gross System Load Forecast (Day-Ahead)_t+480min,712.9595024910562
Requested Negative aFRR Balancing Energy (kWh)_t-585min,712.1410818002896
Gross System Load Forecast (Day-Ahead)_t+255min,711.84761305861
temp_mean_t+45min,710.9432060504746
Estimated Wind Power Production (Day-Ahead)_t+225min,710.4916075106668
HU-SK_t-510min,710.1659444160409
HU-RO Schedule_t+345min,708.3506361653199
Gross Actual Power Plant Generation_t-510min,706.2912551301116
Estimated Solar Power Production (Current)_t+525min,705.4810653633643
Activated Negative aFRR Balancing Energy (kWh)_t-525min,704.243719414345
HU-AT Schedule_t+495min,702.7434001989011
HU-UA_t-345min,700.3059761876513
HU-HR Schedule_t+540min,697.2241805767596
HU-RO Schedule_t+645min,697.0118653941048
HU-UA_t-465min,696.9831604441731
Requested Negative aFRR Balancing Energy (kWh)_t-480min,696.5748850278522
Gross Actual Power Plant Generation_t-435min,695.572634827742
HU-RS_t-285min,694.477383104001
Gross System Load Forecast (Day-Ahead)_t+180min,693.5293873905719
HU-UA Schedule_t+75min,691.9842439504597
HU-UA_t-435min,690.1952154345527
HU-UA_t-510min,690.0014688421674
Positive GCC Energy (kWh)_t-75min,689.2431377393203
System Direction (kWh)_t-105min,686.9592427196546
HU-RO_t-15min,685.3651415699196
HU-SK Schedule_t+540min,684.797511879818
HU-RS_t-105min,684.7649418385599
HU-HR_t-495min,684.1992710454987
HU-RO Schedule_t+495min,684.0453854846687
Gross System Load Forecast (Day-Ahead)_t+540min,682.4404326846776
HU-RO Schedule_t+675min,681.2312055483781
Positive Balancing Energy Unit Price for Balance Groups (HUF/kWh)_t-180min,680.9555912526139
HU-UA Schedule_t+315min,677.390728501274
Activated Positive aFRR Balancing Energy Cost (HUF)_t-300min,677.0835715640451
HU-RS Schedule_t+375min,675.5178255242857
Gross Planned Power Plant Generation_t+435min,674.5153139724981
HU-RO Schedule_t+630min,671.7175025626233
Estimated Wind Power Production (Current)_t+210min,668.0105873296404
Wind Power Actual - Net Commercial Settlement_t-60min,664.755302009449
HU-RO Schedule_t+165min,664.5432545420355
HU-UA Schedule_t+180min,664.4892705631231
HU-UA Schedule_t+270min,663.6411230339131
HU-RS Schedule_t+390min,662.4999321581736
Solar Power Plants Net (Operational Control)_t-345min,661.9619110383168
Requested Negative aFRR Balancing Energy (kWh)_t-270min,661.8052280592592
HU-SK Schedule_t+195min,661.14081315729
Activated Negative aFRR Balancing Energy (kWh)_t-345min,661.1074969139654
HU-RS Schedule_t+45min,661.0713203305363
Estimated Solar Power Production (Day-Ahead)_t+390min,660.5267974129082
Gross Planned Power Plant Generation_t+285min,660.4601225163287
Gross System Load Forecast (Day-Ahead)_t+315min,660.3194875195976
HU-UA Schedule_t+30min,659.9859361405463
HU-RO_t-165min,659.8309534863787
System Direction (kWh)_t-150min,659.0926636274219
Estimated Wind Power Production (Day-Ahead)_t+270min,658.9853428498727
HU-RO Schedule_t+540min,658.5617939650501
HU-RS_t-345min,658.1055104932339
HU-UA Schedule_t+420min,657.2724771781611
HU-UA_t-150min,656.0357676175784
HU-RO Schedule_t+450min,655.5027231836009
Gross Planned Power Plant Generation_t+315min,655.2838882804995
HU-SK Schedule_t+315min,654.3395788070636
Requested Negative aFRR Balancing Energy (kWh)_t-240min,653.696381374632
Estimated Solar Power Production (Intraday)_t+585min,652.5090527257075
Estimated Wind Power Production (Day-Ahead)_t+210min,651.5041779396583
HU-UA Schedule_t+60min,650.6159042626875
HU-SK Schedule_t+405min,650.2256714215075
System Direction (kWh)_t-135min,649.1240167114853
HU-RS_t-90min,646.7504474353174
Requested Negative aFRR Balancing Energy (kWh)_t-225min,646.6656838220949
Estimated Solar Power Production (Intraday)_t+45min,644.6602502077176
HU-RO Schedule_t+285min,644.4959419163258
HU-HR Schedule_t+525min,643.1635438031522
Gross Actual Power Plant Generation_t-195min,642.8954568439715
Gross Planned Power Plant Generation_t+525min,642.809991643181
Gross System Load Forecast (Day-Ahead)_t+120min,642.8051453987568
HU-RO,642.0378654637059
Requested Negative aFRR Balancing Energy (kWh)_t-465min,641.9009274513371
HU-SK_t-600min,640.629962224447
Negative GCC Energy (kWh)_t-525min,640.0002325210777
10m_wind_speed_mean_t+60min,639.8047100083653
Gross Actual Power Plant Generation_t-90min,639.307401744302
HU-UA_t-15min,639.0144326323481
Estimated Solar Power Production (Intraday)_t+555min,638.949623278999
Solar Power Plants Net (Operational Control)_t-435min,638.8037619667176
HU-AT Schedule_t+150min,638.7288985810197
HU-UA Schedule_t+135min,638.3103685766098
HU-SK_t-210min,637.8507880230306
Negative GCC Energy (kWh)_t-195min,637.7278403301386
temp_mean_t+60min,637.4626946590499
Negative GCC Energy (kWh)_t-330min,637.241642555138
Activated Negative aFRR Balancing Energy (kWh)_t-240min,636.6977774700932
HU-AT Schedule_t+375min,635.1522972804936
HU-AT Schedule_t+480min,632.8142251448464
Estimated Solar Power Production (Day-Ahead)_t+135min,632.4780981357054
HU-RS_t-255min,632.3043801533793
Gross Actual Power Plant Generation_t-480min,632.0879418958066
Gross Certified System Load (Actual)_t-30min,631.9712856954131
Requested Negative aFRR Balancing Energy (kWh)_t-165min,631.6443778101152
Estimated Wind Power Production (Day-Ahead)_t+165min,631.0973339508215
Activated Positive aFRR Balancing Energy Cost (HUF)_t-75min,630.1814600455078
Requested Negative aFRR Balancing Energy (kWh)_t-135min,629.8707522114875
Gross System Load Forecast (Day-Ahead)_t+675min,629.159460528497
Estimated Solar Power Production (Day-Ahead)_t+150min,629.1472343019354
ssrd_std_t+45min,629.0710395767674
HU-UA Schedule_t+555min,627.9281132777865
HU-SK_t-75min,625.6976308463577
HU-SK_t-180min,624.470956349332
HU-AT Schedule_t+345min,624.4110377227836
Activated Negative aFRR Balancing Energy (kWh)_t-180min,623.5200242554042
Gross System Load Forecast (Day-Ahead),622.0494011346151
Gross Planned Power Plant Generation_t+495min,620.1518821266964
Gross Certified System Load (Actual)_t-480min,619.9695369129166
HU-RO_t-480min,619.5441998497254
HU-SK Schedule_t+120min,619.0266695698383
HU-AT Schedule_t+675min,618.8378915447331
Positive GCC Energy (kWh)_t-510min,615.8198387963608
Estimated Solar Power Production (Intraday)_t+600min,615.7745059456803
Gross System Load Forecast (Day-Ahead)_t+720min,615.1176584218983
HU-UA_t-240min,614.999546642308
HU-RS Schedule_t+60min,613.8064434753303
HU-RO Schedule_t+150min,613.6055402671736
Estimated Wind Power Production (Intraday)_t+195min,613.2432892402575
HU-UA Schedule_t+510min,612.0923959948029
Activated Negative aFRR Balancing Energy (kWh)_t-495min,612.043594058247
Requested Positive aFRR Balancing Energy (kWh)_t-420min,611.3822839541103
HU-AT Schedule_t+315min,611.1252361811277
Requested Negative aFRR Balancing Energy (kWh)_t-510min,610.9241571926084
Estimated Solar Power Production (Day-Ahead)_t+210min,610.1970146411676
HU-SK_t-495min,610.1238616051147
HU-RS_t-180min,609.4346593075165
Estimated Solar Power Production (Current)_t+315min,608.8789767525197
Activated Positive aFRR Balancing Energy (kWh)_t-225min,607.7016353631366
HU-RS Schedule_t+510min,606.3103296278014
HU-HR Schedule_t+435min,605.1669440950127
System Direction (kWh)_t-120min,605.0499763701328
HU-UA Schedule_t+375min,604.519844887285
Gross Certified System Load (Actual)_t-165min,603.6654981600527
100m_wind_speed_mean_t+30min,603.6436079911421
HU-AT_t-510min,602.7071802059215
HU-AT_t-120min,602.6340110839141
Negative GCC Energy (kWh)_t-480min,602.5287963188126
Gross Planned Power Plant Generation_t+660min,602.3877171969274
HU-UA Schedule_t+195min,602.0193563011733
Positive GCC Energy (kWh)_t-465min,601.5891486176064
HU-SK Schedule_t+450min,601.1547017246157
HU-RO_t-75min,600.1409274269545
Estimated Solar Power Production (Day-Ahead)_t+495min,600.1405412223646
Activated Positive aFRR Balancing Energy Cost (HUF)_t-375min,599.9099392284729
Requested Negative aFRR Balancing Energy (kWh)_t-330min,599.5437294759196
Gross Certified System Load (Actual)_t-375min,599.4675731940902
Estimated Solar Power Production (Intraday)_t+540min,599.3885151214328
Estimated Solar Power Production (Intraday)_t+30min,598.6974392904878
Positive GCC Energy (kWh)_t-480min,596.2236801076801
HU-SK_t-150min,596.1529018349579
HU-AT Schedule_t+720min,595.7259409115901
Solar Power Plants Net (Operational Control)_t-285min,595.7029997417824
Gross System Load Forecast (Day-Ahead)_t+450min,595.6454047222321
HU-HR Schedule_t+720min,595.2054336097407
Estimated Solar Power Production (Intraday)_t+525min,594.8473840148426
HU-UA Schedule_t+105min,594.7510067553965
HU-RS_t-510min,594.0977975650948
HU-UA_t-75min,593.281638705585
Negative GCC Energy (kWh)_t-225min,593.1299282562229
Estimated Solar Power Production (Intraday)_t+570min,592.7263085043496
HU-SK Schedule_t+165min,592.2958928526716
HU-RO_t-270min,592.2123105621855
HU-RO_t-405min,591.9974409098976
Gross System Load Forecast (Day-Ahead)_t+510min,591.680754731531
HU-HR_t-105min,591.450699283999
Activated Negative aFRR Balancing Energy (kWh)_t-270min,591.3984740222724
Gross Planned Power Plant Generation_t+645min,590.1221236673371
HU-HR Schedule_t+615min,588.7553949202945
Positive GCC Energy (kWh)_t-300min,588.595657869057
Estimated Wind Power Production (Intraday)_t+90min,588.1245885356044
System Direction (kWh)_t-390min,587.0340167499799
Gross Planned Power Plant Generation_t+540min,586.8008772008633
Gross Actual Power Plant Generation_t-600min,586.3452188680922
Gross System Load Forecast (Day-Ahead)_t+600min,586.2172443289998
HU-SK Schedule_t+570min,586.0044045726667
HU-HR Schedule_t+360min,585.8650318458043
Negative Balancing Energy Unit Price for Balance Groups (HUF/kWh)_t-195min,585.7288308266068
HU-SK_t-120min,585.4684852058302
Estimated Solar Power Production (Day-Ahead)_t+600min,585.3523887798376
HU-UA Schedule_t+570min,584.8697395884793
HU-UA_t-255min,583.610338671986
Gross System Load Forecast (Day-Ahead)_t+525min,583.5644208263008
Estimated Solar Power Production (Intraday)_t+210min,583.2977871604578
Estimated Solar Power Production (Current)_t+435min,582.6406056912394
HU-UA_t-120min,582.516098174854
Activated Positive aFRR Balancing Energy Cost (HUF)_t-90min,581.6022375964428
Estimated Solar Power Production (Day-Ahead)_t+330min,581.4778594912997
HU-RO Schedule_t+270min,581.4298586295434
HU-RO Schedule_t+105min,581.2613588865648
HU-HR_t-450min,581.0092351898592
HU-UA_t-180min,580.7830267555801
Negative Balancing Energy Unit Price for Balance Groups (HUF/kWh)_t-525min,580.7651901771764
HU-HR_t-375min,579.3528638181293
Estimated Solar Power Production (Current)_t+300min,578.854838050718
Gross Planned Power Plant Generation_t+165min,575.7315877708708
HU-RS_t-270min,574.7811926868651
HU-SK_t-270min,574.7325868571214
HU-HR Schedule_t+420min,574.2186172715368
Estimated Solar Power Production (Day-Ahead)_t+525min,573.692478218208
HU-SK Schedule_t+585min,573.6086203909483
Estimated Solar Power Production (Intraday)_t+405min,573.2837799846902
Wind Power Actual - Net Commercial Settlement_t-420min,573.1345543055227
HU-RS Schedule_t+330min,572.6621809927842
HU-SK_t-450min,572.3220360161332
Requested Positive aFRR Balancing Energy (kWh)_t-285min,571.8946461269636
Negative GCC Energy (kWh)_t-165min,571.4390218161897
HU-SK Schedule_t+480min,571.4045007114441
Gross Planned Power Plant Generation_t+360min,571.3725725829199
HU-AT_t-240min,571.2558629537513
Activated Negative aFRR Balancing Energy (kWh)_t-600min,570.8699678510981
HU-UA_t-450min,570.4057620404667
Gross Planned Power Plant Generation,569.734219287431
ssrd_std_t+15min,569.0075021185776
Gross System Load Forecast (Day-Ahead)_t+285min,568.9466637641872
HU-RS_t-30min,567.3802029432368
Estimated Solar Power Production (Day-Ahead)_t+195min,566.838479124887
Negative GCC Energy (kWh)_t-240min,565.905559759104
Estimated Solar Power Production (Intraday)_t+225min,565.0130302636827
HU-RO Schedule_t+480min,563.7488627055328
HU-RO_t-150min,563.6081492021463
Activated Positive aFRR Balancing Energy (kWh)_t-300min,563.5068511131262
Estimated Wind Power Production (Intraday)_t+555min,563.4390138341297
HU-UA Schedule_t+210min,562.897770046831
System Direction (kWh)_t-270min,562.8695781187616
Negative Balancing Energy Unit Price for Balance Groups (HUF/kWh)_t-390min,562.356838966496
HU-SK_t-240min,560.5934137300732
HU-UA_t-540min,560.3536619023923
HU-HR Schedule_t+555min,559.6865837745199
HU-SK Schedule_t+330min,559.5357016152109
HU-UA_t-195min,558.7014400964888
Estimated Solar Power Production (Day-Ahead)_t+225min,558.2493260524807
HU-AT Schedule_t+645min,558.23776927485
HU-UA_t-105min,557.6653018371368
HU-AT Schedule_t+105min,556.8260196737427
Gross Planned Power Plant Generation_t+675min,556.0256942279228
HU-RO Schedule_t+405min,555.981748836246
System Direction (kWh)_t-90min,555.4882237542658
Estimated Solar Power Production (Day-Ahead)_t+60min,554.7543863107982
Gross Actual Power Plant Generation_t-360min,554.6446023371328
Gross Actual Power Plant Generation_t-45min,554.4645791131469
Gross System Load Forecast (Day-Ahead)_t+555min,553.0879715304138
Estimated Wind Power Production (Day-Ahead)_t+300min,552.8886604296565
Gross Certified System Load (Actual)_t-435min,552.6062228355622
Estimated Wind Power Production (Intraday)_t+45min,552.5302397207636
100m_wind_speed_std,552.4509229633909
Gross Certified System Load (Actual)_t-525min,552.2477848439909
HU-RS Schedule_t+645min,551.2470431374493
HU-HR Schedule_t+405min,550.1910562890425
Gross Actual Power Plant Generation_t-405min,549.9940928884201
Gross Actual Power Plant Generation_t-495min,549.292552220336
Estimated Solar Power Production (Intraday)_t+480min,549.2390795638614
Estimated Solar Power Production (Day-Ahead)_t+435min,549.1255318947318
Estimated Solar Power Production (Day-Ahead)_t+585min,548.9653772949387
Negative GCC Energy (kWh)_t-180min,548.8891696538541
System Direction (kWh)_t-285min,548.856533390869
HU-RS Schedule,548.8091982454654
Negative GCC Energy (kWh)_t-435min,548.3982367813547
HU-RO_t-300min,548.3590781673971
HU-AT_t-345min,548.2488701009627
HU-RO_t-210min,548.1707380514923
HU-RO Schedule_t+90min,547.5748506345349
Estimated Wind Power Production (Day-Ahead)_t+75min,547.3798417202595
Activated Positive aFRR Balancing Energy (kWh)_t-240min,546.747135499402
System Direction (kWh)_t-75min,545.9850010401199
HU-RO Schedule_t+705min,544.7934327189942
Negative GCC Energy (kWh)_t-210min,544.6700349494147
HU-AT_t-300min,543.9582496752741
System Direction (kWh)_t-315min,543.927113775134
HU-UA_t-315min,543.6328380172963
Estimated Solar Power Production (Day-Ahead)_t+540min,542.5506976170727
Gross Certified System Load (Actual)_t-315min,542.3745645682421
HU-HR_t-405min,542.2806061048436
Estimated Solar Power Production (Current)_t+555min,541.6493974257354
Requested Negative aFRR Balancing Energy (kWh)_t-180min,541.6059349772225
Gross System Load Forecast (Day-Ahead)_t+420min,541.5119017201371
HU-AT_t-150min,541.2291963824501
Activated Negative aFRR Balancing Energy (kWh)_t-315min,540.6273599022659
Gross Planned Power Plant Generation_t+345min,539.3223897557112
HU-HR_t-510min,538.9860762961422
Estimated Solar Power Production (Intraday)_t+285min,538.1569276754354
Gross Planned Power Plant Generation_t+240min,537.7331455868226
HU-AT Schedule_t+570min,537.4949743862054
Estimated Solar Power Production (Current)_t+375min,537.0463811806958
HU-AT_t-420min,536.9071734704354
Gross Planned Power Plant Generation_t+615min,536.8300541591308
Gross System Load Forecast (Day-Ahead)_t+210min,536.5595410705318
HU-UA Schedule_t+120min,536.2602924464082
Gross System Load Forecast (Day-Ahead)_t+585min,535.4957218208544
Solar Power Plants Net (Operational Control)_t-465min,534.9189975001628
Requested Negative aFRR Balancing Energy (kWh)_t-120min,534.7347613735501
Estimated Solar Power Production (Intraday)_t+435min,534.4615637691102
HU-RS Schedule_t+75min,534.4590043095602
Gross System Load Forecast (Day-Ahead)_t+435min,534.1880548574854
Estimated Solar Power Production (Intraday)_t+450min,533.5540798459381
HU-UA Schedule_t+465min,533.4021709783135
HU-SK_t-465min,533.2491334144099
HU-UA Schedule_t+540min,532.1532198535574
HU-RO_t-435min,531.6026956344795
Negative GCC Energy (kWh)_t-465min,531.3738888182734
Gross Planned Power Plant Generation_t+705min,529.8782955076285
HU-AT_t-180min,529.8634326697118
Estimated Solar Power Production (Day-Ahead),529.3390277801648
Estimated Solar Power Production (Day-Ahead)_t+420min,528.980465592286
HU-AT Schedule_t+465min,528.9591100035702
Estimated Solar Power Production (Day-Ahead)_t+105min,528.8237907211611
10m_wind_speed_mean_t+30min,528.2416854653065
temp_mean_t+30min,528.1123286134301
HU-UA_t-300min,527.1528759356456
Positive GCC Energy (kWh)_t-525min,526.8895161901469
Gross Planned Power Plant Generation_t+630min,526.4183668262508
Negative GCC Energy (kWh)_t-510min,526.0713514207121
Estimated Solar Power Production (Day-Ahead)_t+405min,525.2520740988366
HU-SK_t-525min,524.6342827134383
Estimated Solar Power Production (Current)_t+420min,524.3997800880429
System Direction (kWh)_t-255min,523.7233245417174
HU-RO_t-360min,523.2610703680369
Negative Balancing Energy Unit Price for Balance Groups (HUF/kWh)_t-495min,523.0434355993318
Gross System Load Forecast (Day-Ahead)_t+360min,522.4343712032828
HU-RO_t-390min,522.0944167339217
HU-AT_t-465min,521.8043112096709
Requested Positive aFRR Balancing Energy (kWh)_t-180min,521.794115463246
Gross Actual Power Plant Generation_t-465min,520.2651789854693
Estimated Solar Power Production (Intraday)_t+240min,520.1213542308114
HU-RS Schedule_t+315min,519.8509669070752
Activated Positive aFRR Balancing Energy (kWh)_t-270min,519.6116818341427
Estimated Wind Power Production (Day-Ahead)_t+120min,519.583747217051
HU-HR_t-390min,519.521605106928
Solar Power Plants Net (Operational Control)_t-360min,518.7646858596123
Estimated Solar Power Production (Current)_t+255min,518.2272444099847
Requested Negative aFRR Balancing Energy (kWh)_t-90min,517.8845110652379
Estimated Solar Power Production (Current)_t+270min,517.4538320619357
HU-SK_t-285min,517.4245464268168
Requested Negative aFRR Balancing Energy (kWh)_t-555min,516.3605876661593
HU-HR Schedule_t+450min,516.3008703235273
HU-UA Schedule_t+390min,515.6040676207707
Negative Balancing Energy Unit Price for Balance Groups (HUF/kWh)_t-330min,515.4785106704287
HU-RO Schedule_t+585min,515.1803788948596
Activated Positive aFRR Balancing Energy (kWh)_t-285min,514.6172743865751
Requested Negative aFRR Balancing Energy (kWh)_t-450min,513.8015757856003
Positive Balancing Energy Unit Price for Balance Groups (HUF/kWh)_t-405min,513.1547901175613
Negative Balancing Energy Unit Price for Balance Groups (HUF/kWh)_t-555min,512.8858598865895
HU-UA_t-135min,511.91952021598854
HU-RS_t-555min,511.1693216037369
Positive GCC Energy (kWh)_t-495min,510.37590205750047
Requested Negative aFRR Balancing Energy (kWh)_t-540min,510.27182081407153
Requested Positive aFRR Balancing Energy (kWh)_t-360min,510.20600460492597
Gross Certified System Load (Actual)_t-555min,509.9683183259499
HU-RO_t-60min,509.96312705827796
Estimated Solar Power Production (Intraday)_t+375min,508.7450528930706
Wind Power Actual - Net Commercial Settlement_t-90min,508.64126333830785
HU-HR_t-480min,508.2057700691666
Requested Negative aFRR Balancing Energy (kWh)_t-600min,507.1964238195041
Solar Power Plants Net (Operational Control)_t-495min,507.1583713166759
HU-SK_t-300min,506.0149342188846
HU-RS_t-450min,505.1908829297815
HU-UA Schedule_t+360min,504.6985396760871
Activated Positive aFRR Balancing Energy (kWh)_t-180min,504.64854996272004
HU-RS Schedule_t+270min,504.21602879212975
System Direction (kWh)_t-345min,503.6263300828604
Gross Actual Power Plant Generation_t-420min,503.21538345799587
Activated Negative aFRR Balancing Energy (kWh)_t-75min,502.51594086561965
Requested Negative aFRR Balancing Energy (kWh)_t-255min,502.4489050111214
Positive GCC Energy (kWh)_t-285min,502.05251577462593
HU-UA Schedule_t+585min,501.8181947342332
HU-UA_t-390min,501.5790293467871
HU-AT_t-225min,501.27327197482236
Estimated Solar Power Production (Intraday)_t+15min,501.21809517298357
Estimated Wind Power Production (Day-Ahead),500.8196660106362
HU-SK_t-315min,500.1811469046898
Activated Positive aFRR Balancing Energy Cost (HUF)_t-225min,499.11791973445224
Activated Positive aFRR Balancing Energy (kWh)_t-360min,498.6066994206379
HU-SK_t-165min,498.45321706876143
HU-UA Schedule_t+15min,498.29124024566636
Requested Positive aFRR Balancing Energy (kWh)_t-255min,498.15917937677494
HU-RS_t-495min,497.86244580012163
Activated Negative aFRR Balancing Energy (kWh)_t-585min,496.0525538718074
Activated Negative aFRR Balancing Energy (kWh)_t-120min,495.8573046433427
Gross Planned Power Plant Generation_t+570min,495.6396284454727
Solar Power Plants Net (Operational Control)_t-405min,495.55618038967714
Gross System Load Forecast (Day-Ahead)_t+705min,495.219424985804
Gross Planned Power Plant Generation_t+510min,494.6935878091128
HU-HR Schedule_t+345min,494.6445786556784
HU-RS_t-60min,494.5176006724565
Gross Planned Power Plant Generation_t+405min,494.35285479070103
HU-SK Schedule_t+345min,493.64042198221716
Estimated Solar Power Production (Current)_t+15min,492.85537653758473
Activated Negative aFRR Balancing Energy (kWh)_t-105min,492.5894007090485
Solar Power Plants Net (Operational Control)_t-600min,492.2818301443179
Gross Planned Power Plant Generation_t+225min,492.2062712862172
Gross Planned Power Plant Generation_t+690min,492.043176921785
Activated Negative aFRR Balancing Energy (kWh)_t-450min,492.02461636463977
Solar Power Plants Net (Operational Control)_t-375min,491.60962124031806
Estimated Solar Power Production (Intraday)_t+75min,491.20548616088854
HU-SK_t-330min,491.1004222147601
HU-UA Schedule_t+45min,491.05984482653247
HU-RS_t-465min,489.64864688888036
Gross Planned Power Plant Generation_t+270min,489.124063113305
HU-RO Schedule_t+360min,489.0915957719776
temp_std_t+45min,488.5824721898041
Activated Negative aFRR Balancing Energy (kWh)_t-225min,488.53050211513704
HU-SK Schedule_t+645min,488.37227965249673
Negative GCC Energy (kWh)_t-375min,487.9599066209451
HU-HR_t-570min,487.7742410020816
Positive Balancing Energy Unit Price for Balance Groups (HUF/kWh)_t-390min,487.3224480006429
Estimated Solar Power Production (Day-Ahead)_t+45min,487.1711646592088
Negative Balancing Energy Unit Price for Balance Groups (HUF/kWh)_t-135min,486.37409760621006
HU-HR_t-15min,485.16478266526946
Estimated Wind Power Production (Current)_t+360min,485.1625286358018
Gross Actual Power Plant Generation_t-150min,484.9619906454726
Requested Negative aFRR Balancing Energy (kWh)_t-150min,484.8921508091838
ssrd_std_t+30min,483.6408380356605
HU-RS_t-435min,483.12941644827237
Estimated Solar Power Production (Day-Ahead)_t+180min,482.83982180789314
HU-RO_t-120min,482.49008230155243
HU-UA_t-45min,482.04548932923086
HU-SK Schedule_t+675min,480.7983598975435
HU-RS Schedule_t+120min,480.66419741621223
HU-UA_t-585min,480.16459902315825
HU-SK_t-195min,478.72915036604707
Estimated Solar Power Production (Day-Ahead)_t+75min,477.64918275642185
HU-UA Schedule,477.601751485849
HU-UA_t-285min,477.0296019544596
HU-RS_t-375min,476.48564053619816
HU-RO_t-510min,476.3325546647749
Gross Planned Power Plant Generation_t+330min,476.3266025721257
Negative Balancing Energy Unit Price for Balance Groups (HUF/kWh)_t-90min,476.0121406385614
HU-HR Schedule_t+495min,475.9364689700238
HU-UA Schedule_t+240min,474.8195676320307
HU-AT Schedule_t+360min,474.7851952167034
Gross Planned Power Plant Generation_t+150min,474.7245379385607
Estimated Wind Power Production (Day-Ahead)_t+60min,473.7908150381676
Activated Positive aFRR Balancing Energy (kWh)_t-195min,472.9248294205318
Wind Power Actual - Net Operational Control,472.25552038008414
Estimated Solar Power Production (Current)_t+45min,471.5899987614004
HU-UA Schedule_t+495min,471.0957554836047
Gross System Load Forecast (Day-Ahead)_t+330min,470.8982032773782
Negative Balancing Energy Unit Price for Balance Groups (HUF/kWh)_t-420min,470.4421174728138
HU-RS Schedule_t+135min,470.11726453919266
Gross Certified System Load (Actual)_t-150min,469.38394505635915
HU-HR Schedule_t+255min,469.31250272826134
Requested Positive aFRR Balancing Energy (kWh)_t-345min,467.63505669365543
Negative GCC Energy (kWh)_t-315min,466.8324987477803
HU-RS_t-150min,466.71387675032315
100m_wind_speed_std_t+75min,466.4866252023106
HU-UA_t-570min,466.4064511703384
Estimated Wind Power Production (Intraday)_t+240min,466.2850351754757
HU-SK_t-585min,465.1608807949607
HU-RS Schedule_t+540min,465.0457107362415
Activated Positive aFRR Balancing Energy Cost (HUF)_t-135min,464.96042990781496
HU-RO Schedule_t+435min,464.42391251949624
Positive GCC Energy (kWh)_t-330min,464.0402013477489
HU-AT Schedule_t+330min,463.3393135479012
HU-HR_t-165min,462.9068102178876
Gross System Load Forecast (Day-Ahead)_t+300min,462.3506815259012
HU-UA Schedule_t+600min,462.20627366361373
10m_wind_speed_mean_t+45min,462.06557390487956
Gross Certified System Load (Actual)_t-570min,462.0028906452841
Wind Power Actual - Net Commercial Settlement_t-150min,461.58773366090054
HU-AT_t-435min,461.4232750420302
Solar Power Plants Net (Operational Control)_t-420min,461.13692679352556
10m_wind_speed_mean_t+15min,461.11926201768654
HU-HR_t-420min,460.8863210623206
Activated Negative aFRR Balancing Energy (kWh)_t-435min,460.8150116937874
HU-RO_t-105min,460.5371570732434
Estimated Solar Power Production (Day-Ahead)_t+90min,460.0918139167792
Estimated Solar Power Production (Intraday)_t+510min,459.9280815949794
Negative Balancing Energy Unit Price for Balance Groups (HUF/kWh)_t-540min,459.8026781221365
Gross Actual Power Plant Generation_t-525min,459.56017607685294
HU-UA_t-525min,459.15984257871037
Activated Negative aFRR Balancing Energy (kWh)_t-90min,459.10249309483737
Gross Certified System Load (Actual)_t-225min,459.0461407118239
Wind Power Actual - Net Operational Control_t-300min,459.04436804961017
Gross Certified System Load (Actual)_t-540min,458.82860633580685
HU-SK_t-540min,458.30800934973627
10m_wind_speed_std_t+15min,458.0251888442974
Activated Positive aFRR Balancing Energy Cost (HUF)_t-285min,456.6789218218327
Activated Negative aFRR Balancing Energy Cost (HUF)_t-45min,456.6240817205395
Activated Positive aFRR Balancing Energy Cost (HUF)_t-150min,456.44777159026603
HU-RS Schedule_t+450min,455.8145841887717
HU-RO Schedule_t+420min,455.4306959533269
Gross System Load Forecast (Day-Ahead)_t+690min,455.0658675854232
HU-RS Schedule_t+555min,454.4206363435505
Negative Balancing Energy Unit Price for Balance Groups (HUF/kWh)_t-450min,453.7386200373036
Gross Certified System Load (Actual)_t-450min,453.6464340027387
Estimated Solar Power Production (Day-Ahead)_t+165min,452.9237080174756
Gross Certified System Load (Actual)_t-390min,452.2606195716419
HU-RO_t-315min,451.14603117604406
HU-AT_t-210min,450.9127893872375
HU-RO_t-450min,450.84229611631895
HU-HR_t-45min,450.81737116528154
Activated Positive aFRR Balancing Energy Cost (HUF)_t-345min,449.92802195308747
Gross Actual Power Plant Generation_t-180min,449.5568120647553
Positive GCC Energy (kWh)_t-225min,449.2142131769799
Gross Certified System Load (Actual)_t-45min,448.81776842885273
Gross System Load Forecast (Day-Ahead)_t+405min,448.7418787021279
HU-HR_t-465min,447.310848202762
Estimated Solar Power Production (Day-Ahead)_t+30min,446.78411958632313
HU-RO Schedule_t+570min,446.26019969506933
HU-RS Schedule_t+480min,446.0689004473224
Gross System Load Forecast (Day-Ahead)_t+135min,445.40260135561107
HU-HR Schedule_t+705min,444.947648721094
Estimated Solar Power Production (Current)_t+390min,444.6069149896497
Requested Negative aFRR Balancing Energy (kWh)_t-195min,444.31835278799065
HU-AT Schedule_t+405min,444.19058577819044
Activated Positive aFRR Balancing Energy Cost (HUF)_t-165min,443.69324874278584
Activated Negative aFRR Balancing Energy (kWh)_t-150min,441.7704512173178
Estimated Solar Power Production (Current)_t+480min,441.5397889264668
Requested Negative aFRR Balancing Energy (kWh)_t-525min,441.3102972869729
Activated Negative aFRR Balancing Energy (kWh)_t-195min,440.98863962460155
HU-RO_t-555min,440.82081769710084
Solar Power Plants Net (Operational Control)_t-480min,440.2402585341244
HU-RO Schedule_t+525min,439.9177771025732
Estimated Solar Power Production (Day-Ahead)_t+510min,439.7789436434432
HU-AT_t-555min,439.63279636456247
Gross System Load Forecast (Day-Ahead)_t+645min,439.16674558826776
System Direction (kWh)_t-240min,439.1516937630696
Activated Negative aFRR Balancing Energy (kWh)_t-390min,438.6349247454676
HU-AT Schedule_t+555min,438.13431206058783
HU-HR_t-330min,437.37527296654287
HU-SK Schedule_t+705min,437.345791292938
Estimated Solar Power Production (Current)_t+465min,436.91588369098673
Negative GCC Energy (kWh)_t-390min,436.70041678865016
Gross Certified System Load (Actual)_t-90min,436.56960609771795
HU-UA_t-330min,435.7784335199084
HU-UA_t-555min,435.7486109027345
100m_wind_speed_mean_t+60min,435.5619802074217
Estimated Solar Power Production (Intraday),435.3722219602266
Estimated Wind Power Production (Day-Ahead)_t+90min,434.96446451823056
Estimated Solar Power Production (Current)_t+495min,434.6894252384292
Estimated Solar Power Production (Current)_t+585min,434.5886747555529
Requested Negative aFRR Balancing Energy (kWh)_t-405min,434.45761463734675
Requested Negative aFRR Balancing Energy (kWh)_t-390min,433.97749162997866
Estimated Solar Power Production (Current)_t+330min,433.4631175238632
HU-RO Schedule_t+120min,432.69357225192067
Estimated Solar Power Production (Current)_t+510min,432.6014984097186
HU-HR_t-585min,432.4237833866023
Estimated Wind Power Production (Current)_t+240min,432.13205112012463
HU-SK Schedule_t+600min,432.10189254701305
Estimated Solar Power Production (Intraday)_t+390min,431.6935770446689
Solar Power Plants Net (Operational Control)_t-450min,431.6243857179988
Estimated Wind Power Production (Day-Ahead)_t+585min,431.5153262733382
10m_wind_speed_std_t+30min,431.5002809454731
Activated Positive aFRR Balancing Energy (kWh)_t-345min,431.2133766369214
HU-AT_t-285min,431.1525898417101
HU-RS_t-540min,430.9205976385214
Estimated Solar Power Production (Current)_t+540min,430.8446797703329
Wind Power Actual - Net Operational Control_t-60min,430.61646153239707
HU-HR Schedule_t+645min,430.46849287914705
HU-AT_t-450min,430.36446155867145
HU-HR Schedule_t+165min,430.0794094327009
HU-HR_t-540min,429.33882618808707
Negative GCC Energy (kWh)_t-495min,429.27193758406645
Activated Negative aFRR Balancing Energy (kWh)_t-135min,428.873883959923
HU-SK Schedule_t+135min,428.35133053345015
Wind Power Actual - Net Commercial Settlement_t-540min,427.87840431235617
HU-RS Schedule_t+420min,427.7359566203935
HU-RO_t-180min,427.2137548445935
Positive GCC Energy (kWh)_t-540min,426.9481476812093
Estimated Solar Power Production (Intraday)_t+465min,426.0772360778378
HU-HR_t-135min,426.01476882048036
Requested Positive aFRR Balancing Energy (kWh)_t-225min,425.9997620488769
Negative Balancing Energy Unit Price for Balance Groups (HUF/kWh)_t-75min,425.8610593235718
Solar Power Plants Net (Operational Control)_t-555min,425.03498010726184
Wind Power Actual - Net Operational Control_t-75min,424.7936073650832
Activated Positive aFRR Balancing Energy (kWh)_t-75min,424.32479471380236
HU-RS_t-390min,423.9448543522662
Gross Planned Power Plant Generation_t+210min,422.8508210826708
Gross Planned Power Plant Generation_t+600min,421.83567211146016
Activated Positive aFRR Balancing Energy (kWh)_t-330min,421.75446271274836
HU-SK_t-405min,421.0983862228729
HU-UA Schedule_t+480min,420.45340069188194
Negative Balancing Energy Unit Price for Balance Groups (HUF/kWh)_t-435min,420.01042002390295
Positive Balancing Energy Unit Price for Balance Groups (HUF/kWh)_t-315min,419.6952257494976
Activated Negative aFRR Balancing Energy (kWh)_t-510min,418.31246667945015
Wind Power Actual - Net Commercial Settlement_t-225min,417.8988247494662
Positive Balancing Energy Unit Price for Balance Groups (HUF/kWh)_t-345min,417.8139688565993
HU-RS Schedule_t+180min,417.62373364228495
Activated Positive aFRR Balancing Energy (kWh)_t-120min,417.00137438020556
Solar Power Plants Net (Operational Control)_t-255min,416.83549706321355
Positive Balancing Energy Unit Price for Balance Groups (HUF/kWh)_t-135min,416.6606006324842
HU-SK_t-390min,416.57966971549126
HU-HR_t-180min,416.4856123577007
Activated Positive aFRR Balancing Energy Cost (HUF)_t-360min,416.473548310486
Gross System Load Forecast (Day-Ahead)_t+495min,416.38438963852786
100m_wind_speed_mean_t+45min,415.28765417411694
Estimated Wind Power Production (Current)_t+435min,415.2328762291303
Wind Power Actual - Net Operational Control_t-345min,414.8952957007401
Wind Power Actual - Net Commercial Settlement_t-495min,414.5615224781592
Estimated Wind Power Production (Current)_t+300min,414.06295630499227
HU-SK_t-420min,413.6834162567724
Gross Actual Power Plant Generation_t-570min,412.9694721436766
Wind Power Actual - Net Operational Control_t-255min,412.95887578291774
HU-SK Schedule_t+495min,412.90895553146174
Estimated Wind Power Production (Current)_t+255min,412.6787379708029
HU-RO_t-195min,411.1943988263015
100m_wind_speed_mean_t+75min,410.3837056178251
Activated Positive aFRR Balancing Energy Cost (HUF)_t-270min,410.11872640704314
HU-AT_t-165min,409.65831455614136
Estimated Wind Power Production (Current)_t+225min,409.5706704799009
Positive Balancing Energy Unit Price for Balance Groups (HUF/kWh)_t-75min,409.185793698492
HU-UA Schedule_t+405min,408.5838489830156
Estimated Solar Power Production (Day-Ahead)_t+555min,408.3965613649754
System Direction (kWh)_t-300min,408.3599968977646
HU-UA Schedule_t+450min,408.2952593726566
Gross System Load Forecast (Day-Ahead)_t+660min,407.46620725122364
Negative Balancing Energy Unit Price for Balance Groups (HUF/kWh)_t-570min,406.64130010779814
HU-AT_t-600min,406.4112231207114
HU-AT_t-135min,405.8676602460771
HU-SK Schedule_t+465min,405.59533579339507
HU-HR_t-525min,405.3685195744247
Negative Balancing Energy Unit Price for Balance Groups (HUF/kWh)_t-105min,404.7680936217325
HU-SK Schedule_t+435min,404.57473037221496
HU-HR_t-75min,404.5596803287781
Gross System Load Forecast (Day-Ahead)_t+570min,404.44353224952084
Activated Positive aFRR Balancing Energy Cost (HUF)_t-180min,404.3209975656622
Solar Power Plants Net (Operational Control)_t-570min,404.263313780703
Solar Power Plants Net (Operational Control)_t-540min,402.2214111903411
Positive Balancing Energy Unit Price for Balance Groups (HUF/kWh)_t-360min,402.2110471932646
Negative Balancing Energy Unit Price for Balance Groups (HUF/kWh)_t-180min,401.7332885780906
HU-HR_t-30min,401.70325779044384
HU-UA_t-210min,400.2681837276117
System Direction (kWh)_t-465min,399.6886622831362
Requested Negative aFRR Balancing Energy (kWh)_t-210min,399.4822292522572
Estimated Wind Power Production (Day-Ahead)_t+285min,399.4309416436359
Estimated Wind Power Production (Day-Ahead)_t+480min,398.1548194952338
Gross Planned Power Plant Generation_t+585min,397.92999761621996
Estimated Solar Power Production (Intraday)_t+360min,397.84690091785376
Estimated Wind Power Production (Day-Ahead)_t+450min,396.620325001123
Positive GCC Energy (kWh)_t-270min,395.91953492854446
HU-HR Schedule_t+285min,395.69564843548625
Gross Certified System Load (Actual)_t-510min,395.47753626951635
Wind Power Actual - Net Operational Control_t-285min,395.3514461904545
HU-HR Schedule_t+315min,395.10236307294053
HU-SK Schedule_t+690min,395.01515686246
Positive Balancing Energy Unit Price for Balance Groups (HUF/kWh)_t-375min,394.4786411547496
System Direction (kWh)_t-165min,394.25314847656375
HU-RO_t-585min,394.2173865230816
Gross Planned Power Plant Generation_t+450min,393.5261016423636
HU-SK_t-555min,392.9486232932412
temp_std,392.7759659588081
Activated Negative aFRR Balancing Energy (kWh)_t-255min,392.1630147223933
Negative GCC Energy (kWh)_t-420min,391.9629767872568
Positive Balancing Energy Unit Price for Balance Groups (HUF/kWh)_t-165min,391.42796466961505
HU-HR_t-555min,391.3596752815777
HU-RO_t-330min,391.20687926747956
Activated Positive aFRR Balancing Energy Cost (HUF)_t-465min,390.6980988795392
HU-UA Schedule_t+300min,390.51989394986686
HU-UA Schedule_t+285min,390.31774392734735
HU-UA_t-90min,390.2531749151169
Activated Negative aFRR Balancing Energy (kWh)_t-165min,390.03064363747376
Estimated Solar Power Production (Current)_t+345min,390.0195708362822
Requested Negative aFRR Balancing Energy (kWh)_t-105min,389.69498682256835
HU-RO Schedule_t+330min,389.36630952664115
Gross Certified System Load (Actual)_t-405min,389.3059379200326
HU-SK_t-375min,388.7676426074754
Requested Positive aFRR Balancing Energy (kWh)_t-510min,388.38636196621195
Activated Negative aFRR Balancing Energy Cost (HUF)_t-15min,387.96641096002253
Gross Planned Power Plant Generation_t+300min,387.2636436115935
HU-HR Schedule_t+600min,386.27146457517904
Gross Actual Power Plant Generation_t-585min,384.8695356706929
Positive Balancing Energy Unit Price for Balance Groups (HUF/kWh)_t-600min,384.6468843032668
Gross Certified System Load (Actual)_t-135min,384.1462048538531
Requested Negative aFRR Balancing Energy (kWh)_t-375min,384.05907860219423
Requested Positive aFRR Balancing Energy (kWh)_t-135min,383.78658225941814
Estimated Wind Power Production (Current)_t+540min,383.10485018999316
Negative Balancing Energy Unit Price for Balance Groups (HUF/kWh)_t-510min,382.09585376382717
Wind Power Actual - Net Commercial Settlement_t-135min,382.03318808052745
Solar Power Plants Net (Operational Control)_t-225min,381.9518465651762
Activated Positive aFRR Balancing Energy Cost (HUF)_t-255min,381.47030468393
Estimated Solar Power Production (Current)_t+450min,381.385885440155
Positive GCC Energy (kWh)_t-555min,380.425580018391
Positive Balancing Energy Unit Price for Balance Groups (HUF/kWh)_t-330min,380.2393765438796
Activated Positive aFRR Balancing Energy (kWh)_t-480min,379.9718766496551
Activated Positive aFRR Balancing Energy (kWh)_t-135min,379.62786595072754
HU-RS Schedule_t+405min,379.19120925764867
HU-HR_t-90min,379.17907939295065
Estimated Solar Power Production (Day-Ahead)_t+120min,379.02433282960624
Wind Power Actual - Net Commercial Settlement_t-435min,378.7847402324834
Gross Certified System Load (Actual)_t-195min,378.6965802031005
System Direction (kWh)_t-495min,377.67085022289683
HU-HR Schedule_t+465min,377.2833173507943
Estimated Wind Power Production (Day-Ahead)_t+555min,377.03423235079333
Activated Positive aFRR Balancing Energy Cost (HUF)_t-195min,376.97117193574627
HU-HR Schedule_t+585min,376.65134659934955
Estimated Wind Power Production (Intraday)_t+225min,376.5939019589483
HU-SK Schedule_t+525min,376.2694407495794
HU-RS Schedule_t+300min,375.59595277596264
Requested Negative aFRR Balancing Energy (kWh)_t-435min,375.3232629334882
Estimated Wind Power Production (Day-Ahead)_t+570min,374.9500361721789
Wind Power Actual - Net Operational Control_t-120min,374.6896869935345
HU-HR_t-285min,374.1634282306253
Negative Balancing Energy Unit Price for Balance Groups (HUF/kWh)_t-375min,374.0568538846197
Negative Balancing Energy Unit Price for Balance Groups (HUF/kWh)_t-285min,373.6988694442494
Estimated Wind Power Production (Current)_t+405min,373.65389691839056
Estimated Solar Power Production (Current),373.2441244903488
Estimated Wind Power Production (Day-Ahead)_t+255min,372.9589508298538
Gross Certified System Load (Actual)_t-180min,372.91655754898306
Estimated Wind Power Production (Intraday)_t+525min,372.84788220254677
Activated Negative aFRR Balancing Energy (kWh)_t-375min,372.68640709240884
HU-AT Schedule_t+705min,372.4446004006984
Estimated Solar Power Production (Intraday)_t+270min,371.6677697659504
Gross Certified System Load (Actual)_t-255min,371.5163807026621
Gross Actual Power Plant Generation_t-105min,371.47633632664815
HU-RO_t-465min,370.813728985832
Negative Balancing Energy Unit Price for Balance Groups (HUF/kWh)_t-405min,370.40665123854967
Estimated Wind Power Production (Current)_t+45min,369.6935059357009
HU-RS_t-315min,369.535526488834
Gross Actual Power Plant Generation_t-135min,369.17047238945247
HU-SK Schedule_t+420min,369.12117461006204
HU-SK_t-60min,368.7244792578321
HU-RS Schedule_t+720min,368.3935368233707
HU-RO Schedule_t+135min,368.1424319670567
Wind Power Actual - Net Commercial Settlement_t-120min,367.7916422534925
HU-HR_t-345min,367.27218568034374
Estimated Wind Power Production (Day-Ahead)_t+540min,367.1565824819602
Estimated Solar Power Production (Day-Ahead)_t+15min,366.8268269348644
Solar Power Plants Net (Operational Control)_t-585min,366.13937026676246
Wind Power Actual - Net Commercial Settlement_t-255min,365.5250097610664
Activated Negative aFRR Balancing Energy Cost (HUF)_t-30min,365.4242485861063
Positive GCC Energy (kWh)_t-105min,365.4176728945695
HU-AT_t-90min,365.0441765595971
Estimated Solar Power Production (Current)_t+285min,364.3581537871837
Negative GCC Energy (kWh)_t-600min,363.48222507627213
HU-RS_t-45min,363.46072621674415
HU-RO_t-45min,363.1477958820109
HU-AT_t-315min,362.4308940609077
Estimated Solar Power Production (Current)_t+360min,361.9923968817783
Estimated Wind Power Production (Day-Ahead)_t+105min,361.4686558940673
Wind Power Actual - Net Commercial Settlement_t-375min,360.5952933362366
Wind Power Actual - Net Operational Control_t-465min,360.461777877489
HU-SK_t-105min,359.5544480224625
Gross Certified System Load (Actual)_t-240min,358.539623626971
System Direction (kWh)_t-225min,358.30159935461654
Negative Balancing Energy Unit Price for Balance Groups (HUF/kWh)_t-270min,357.93103591139055
HU-SK_t-225min,357.8453853941035
Wind Power Actual - Net Operational Control_t-585min,357.75552981951984
Activated Positive aFRR Balancing Energy (kWh)_t-525min,357.5436883242247
Wind Power Actual - Net Commercial Settlement_t-570min,357.28758702108786
Activated Negative aFRR Balancing Energy (kWh)_t-555min,357.1654663928665
Gross Certified System Load (Actual)_t-465min,357.0695178385589
Gross Certified System Load (Actual)_t-105min,356.97064900394054
Requested Positive aFRR Balancing Energy (kWh)_t-540min,355.735741288481
Negative Balancing Energy Unit Price for Balance Groups (HUF/kWh)_t-210min,355.03883135322934
HU-RS_t-525min,354.8407620701575
Estimated Wind Power Production (Current)_t+480min,354.72783670048085
Estimated Wind Power Production (Current)_t+30min,354.3604401320125
Wind Power Actual - Net Operational Control_t-435min,353.76575534873234
Solar Power Plants Net (Operational Control)_t-510min,353.55600102606115
HU-HR Schedule_t+480min,353.2168606844021
100m_wind_speed_std_t+60min,353.2040697673725
Positive GCC Energy (kWh)_t-345min,352.8480604457118
Estimated Wind Power Production (Intraday)_t+285min,352.6195474995885
HU-RS_t-300min,352.5093933744348
HU-RS_t-405min,352.09453163475894
Estimated Wind Power Production (Day-Ahead)_t+345min,351.5774331976931
Requested Positive aFRR Balancing Energy (kWh)_t-75min,351.3076432916972
Estimated Wind Power Production (Intraday)_t+210min,351.1145518033496
System Direction (kWh)_t-540min,350.8242119260845
System Direction (kWh)_t-195min,350.57120961997526
HU-RS_t-165min,350.4516746941581
HU-AT_t-390min,349.6085351085228
100m_wind_speed_std_t+15min,349.07157362010486
HU-SK Schedule_t+375min,347.03125741044795
Wind Power Actual - Net Commercial Settlement_t-75min,346.39113961616926
System Direction (kWh)_t-330min,346.297624458124
Negative Balancing Energy Unit Price for Balance Groups (HUF/kWh)_t-360min,345.89271651124403
Negative GCC Energy (kWh)_t-555min,345.71998377636305
Solar Power Plants Net (Operational Control)_t-525min,344.89507166300115
Activated Positive aFRR Balancing Energy Cost (HUF)_t-120min,344.35248493449234
Positive Balancing Energy Unit Price for Balance Groups (HUF/kWh)_t-570min,344.30002865712424
Wind Power Actual - Net Operational Control_t-150min,344.1345502644617
HU-RO_t-135min,343.9973092460017
Wind Power Actual - Net Commercial Settlement_t-210min,343.5765118484432
Positive Balancing Energy Unit Price for Balance Groups (HUF/kWh)_t-585min,343.2272344581457
HU-HR_t-315min,343.0321149758997
Positive Balancing Energy Unit Price for Balance Groups (HUF/kWh)_t-525min,341.2987302779103
Gross Certified System Load (Actual)_t-420min,341.048602847214
Activated Positive aFRR Balancing Energy Cost (HUF)_t-405min,340.7124703097044
Estimated Solar Power Production (Current)_t+570min,339.4434914681742
HU-HR_t-120min,339.40834602036483
HU-RS_t-120min,339.2324227087745
Activated Positive aFRR Balancing Energy Cost (HUF)_t-330min,339.0369126986949
HU-RS_t-15min,338.94180493811353
HU-AT_t-585min,338.0988446115732
Negative Balancing Energy Unit Price for Balance Groups (HUF/kWh)_t-225min,337.63661172256013
Negative Balancing Energy Unit Price for Balance Groups (HUF/kWh)_t-165min,337.2896806329187
HU-RS_t-420min,336.692662471718
HU-RS Schedule_t+570min,336.5638281468255
HU-HR Schedule_t+660min,336.49479471442044
System Direction (kWh)_t-360min,336.3745093247396
Activated Positive aFRR Balancing Energy Cost (HUF)_t-210min,336.0808319653996
Estimated Solar Power Production (Intraday)_t+315min,335.8230405223784
Estimated Solar Power Production (Day-Ahead)_t+465min,335.6380516491814
Activated Negative aFRR Balancing Energy (kWh)_t-570min,335.5424530767289
ssrd_std_t+60min,335.2276549579231
Wind Power Actual - Net Commercial Settlement_t-585min,334.86511564715147
HU-RS Schedule_t+210min,334.5422160141371
Requested Positive aFRR Balancing Energy (kWh)_t-480min,334.22569292577657
Positive GCC Energy (kWh)_t-150min,334.08409169660786
10m_wind_speed_std_t+45min,334.0553385836742
Activated Positive aFRR Balancing Energy Cost (HUF)_t-315min,333.5285642174299
HU-RS_t-135min,333.1021822090965
HU-SK Schedule_t+630min,332.77722403504185
HU-RO_t-600min,332.5949835680744
Gross Certified System Load (Actual)_t-120min,332.5530366325363
Requested Positive aFRR Balancing Energy (kWh)_t-495min,331.3548116921474
HU-AT_t-330min,331.3330370912977
Requested Positive aFRR Balancing Energy (kWh)_t-165min,331.2524906086635
Estimated Wind Power Production (Current)_t+465min,331.24347428318515
Estimated Solar Power Production (Intraday)_t+255min,330.3352987026162
HU-RS_t-585min,330.29584163355435
Gross Certified System Load (Actual)_t-285min,329.3393536533572
Wind Power Actual - Net Operational Control_t-495min,328.93928051356
HU-SK_t-45min,328.71914283892403
HU-HR_t-195min,328.52967093147055
Wind Power Actual - Net Operational Control_t-135min,328.4546568403883
HU-RS_t-360min,328.2173345173202
Activated Negative aFRR Balancing Energy (kWh)_t-540min,328.2031548260639
Activated Positive aFRR Balancing Energy (kWh)_t-465min,328.17880656780574
Estimated Solar Power Production (Intraday)_t+420min,328.16452592644987
Negative GCC Energy (kWh)_t-450min,327.9760817169828
HU-RS Schedule_t+495min,327.84247366191903
HU-RS Schedule_t+195min,327.8231037220743
HU-AT_t-570min,327.51101249695563
System Direction (kWh)_t-555min,327.4902310950003
Wind Power Actual - Net Commercial Settlement_t-510min,327.41103694103106
Negative GCC Energy (kWh)_t-585min,327.3586174368543
HU-RS Schedule_t+345min,326.93479198111356
Activated Positive aFRR Balancing Energy Cost (HUF)_t-390min,325.9011201911893
Activated Positive aFRR Balancing Energy Cost (HUF)_t-420min,325.17606925064655
HU-HR_t-435min,324.9199639967616
Negative Balancing Energy Unit Price for Balance Groups (HUF/kWh)_t-240min,324.71764366892955
Estimated Solar Power Production (Day-Ahead)_t+450min,323.6755859687262
Positive GCC Energy (kWh)_t-120min,323.6224243899734
Positive Balancing Energy Unit Price for Balance Groups (HUF/kWh)_t-480min,323.0923412321416
Activated Positive aFRR Balancing Energy (kWh)_t-165min,322.8922537378311
Gross Certified System Load (Actual)_t-75min,322.5974677436443
Positive Balancing Energy Unit Price for Balance Groups (HUF/kWh)_t-150min,321.69680022217767
Positive Balancing Energy Unit Price for Balance Groups (HUF/kWh)_t-210min,321.66935659857165
Estimated Wind Power Production (Current)_t+450min,321.5474936185679
Activated Positive aFRR Balancing Energy (kWh)_t-450min,321.05946962171646
Negative Balancing Energy Unit Price for Balance Groups (HUF/kWh)_t-315min,321.05524124008394
Positive GCC Energy (kWh)_t-240min,320.8900425922264
HU-AT_t-105min,320.5331600328701
Estimated Wind Power Production (Current)_t+420min,320.0977903214365
Activated Positive aFRR Balancing Energy Cost (HUF)_t-495min,320.02239910135455
HU-SK Schedule_t+390min,319.7279903954943
System Direction (kWh)_t-375min,319.4452913558877
HU-SK Schedule_t+150min,319.44027351812485
Gross Planned Power Plant Generation_t+480min,319.08119377666026
Estimated Wind Power Production (Intraday)_t+75min,318.7335414965728
Requested Positive aFRR Balancing Energy (kWh)_t-150min,318.6245256200458
Activated Positive aFRR Balancing Energy (kWh)_t-150min,318.4186898368994
HU-HR Schedule_t+300min,318.2475749565341
Estimated Wind Power Production (Current)_t+315min,318.0369178356494
Requested Positive aFRR Balancing Energy (kWh)_t-195min,317.5516493209352
Requested Positive aFRR Balancing Energy (kWh)_t-600min,316.76321096067977
HU-RS_t-240min,316.4845306952947
System Direction (kWh)_t-450min,316.2330876002044
10m_wind_speed_std_t+60min,315.83289579307353
Negative Balancing Energy Unit Price for Balance Groups (HUF/kWh)_t-120min,315.81191514058287
Activated Positive aFRR Balancing Energy (kWh)_t-255min,315.78943544175195
Wind Power Actual - Net Operational Control_t-480min,315.49161248189523
Estimated Solar Power Production (Intraday)_t+300min,315.2611033710686
Requested Negative aFRR Balancing Energy (kWh)_t-315min,314.475404384501
Estimated Wind Power Production (Day-Ahead)_t+435min,314.34196580657743
Positive Balancing Energy Unit Price for Balance Groups (HUF/kWh)_t-105min,314.1636040757402
Wind Power Actual - Net Commercial Settlement_t-405min,313.8727934593265
HU-RS_t-195min,313.83119117748265
Requested Positive aFRR Balancing Energy (kWh)_t-465min,313.2505925302204
HU-RO Schedule_t+660min,312.7424522955198
Positive Balancing Energy Unit Price for Balance Groups (HUF/kWh)_t-285min,312.04470787237426
Negative Balancing Energy Unit Price for Balance Groups (HUF/kWh)_t-465min,311.6829264400927
HU-AT_t-360min,310.36460814526464
Gross Planned Power Plant Generation_t+555min,310.1528271098124
Wind Power Actual - Net Commercial Settlement_t-390min,309.6479668346966
Estimated Wind Power Production (Current)_t+585min,308.8899546658866
Gross Actual Power Plant Generation_t-555min,308.72299223475727
Positive Balancing Energy Unit Price for Balance Groups (HUF/kWh)_t-255min,308.6775469100036
Positive GCC Energy (kWh)_t-450min,308.4657969831773
Requested Positive aFRR Balancing Energy (kWh)_t-375min,307.58547546464143
Activated Positive aFRR Balancing Energy (kWh)_t-585min,307.56379819188106
HU-RS Schedule_t+615min,307.53545282832374
HU-AT_t-270min,306.94767805622877
Requested Positive aFRR Balancing Energy (kWh)_t-405min,306.4200166841773
HU-HR_t-60min,306.3833434513922
Estimated Wind Power Production (Intraday)_t+345min,306.0167175264521
Estimated Wind Power Production (Day-Ahead)_t+375min,305.4922313138377
temp_std_t+60min,305.4127396588092
Requested Positive aFRR Balancing Energy (kWh)_t-435min,304.8345419609746
Estimated Wind Power Production (Intraday)_t+435min,304.69233899365327
System Direction (kWh)_t-480min,304.683559620803
Estimated Solar Power Production (Day-Ahead)_t+570min,304.6706432778547
Negative Balancing Energy Unit Price for Balance Groups (HUF/kWh)_t-150min,304.505207725593
Activated Positive aFRR Balancing Energy (kWh)_t-90min,303.7981910715719
Gross Actual Power Plant Generation_t-165min,303.59880268470647
Estimated Wind Power Production (Intraday)_t+255min,302.76519217058456
temp_std_t+15min,302.73771987921896
System Direction (kWh)_t-510min,301.99728026503465
Negative Balancing Energy Unit Price for Balance Groups (HUF/kWh)_t-300min,301.81968732996086
Activated Positive aFRR Balancing Energy (kWh)_t-390min,301.45985583323824
HU-RS Schedule_t+285min,301.0826930014628
Requested Positive aFRR Balancing Energy (kWh)_t-315min,300.82997869202535
System Direction (kWh)_t-525min,300.5329428859573
HU-SK Schedule_t+660min,299.5894774104249
Wind Power Actual - Net Operational Control_t-450min,299.08432906090013
Positive Balancing Energy Unit Price for Balance Groups (HUF/kWh)_t-225min,298.5421110625689
Wind Power Actual - Net Operational Control_t-225min,298.27410420444795
HU-HR_t-225min,297.8158498524348
Estimated Wind Power Production (Intraday)_t+540min,297.6941046394994
Activated Negative aFRR Balancing Energy (kWh)_t-210min,297.62607600653945
Positive Balancing Energy Unit Price for Balance Groups (HUF/kWh)_t-270min,296.53914594352784
HU-AT_t-375min,295.4172943676589
HU-RO_t-345min,295.3958334749502
HU-RS_t-75min,295.3407684380804
System Direction (kWh)_t-405min,295.14565544119193
HU-AT_t-75min,295.08132664554466
Wind Power Actual - Net Operational Control_t-375min,294.9365668571212
Negative GCC Energy (kWh)_t-570min,294.2737910426653
Positive Balancing Energy Unit Price for Balance Groups (HUF/kWh)_t-510min,293.58102099790074
HU-RO_t-495min,293.5647744988964
Requested Positive aFRR Balancing Energy (kWh)_t-525min,292.3281465354314
Positive Balancing Energy Unit Price for Balance Groups (HUF/kWh)_t-420min,291.5292472730416
Gross Planned Power Plant Generation_t+255min,291.50423790564116
HU-HR_t-240min,290.87948931784274
Requested Positive aFRR Balancing Energy (kWh)_t-450min,290.60780714893656
HU-RO_t-30min,290.5764292121357
Positive GCC Energy (kWh)_t-570min,290.1286849783206
HU-SK Schedule_t+720min,289.92990986416066
HU-RS_t-210min,289.4124508225847
HU-RO_t-570min,289.3739179189596
temp_std_t+30min,289.3077979257487
Requested Positive aFRR Balancing Energy (kWh)_t-390min,288.5185997117418
Positive Balancing Energy Unit Price for Balance Groups (HUF/kWh)_t-300min,288.37426070565107
Requested Positive aFRR Balancing Energy (kWh)_t-90min,287.18075087199
Activated Positive aFRR Balancing Energy (kWh)_t-420min,286.93345962787316
Positive GCC Energy (kWh)_t-360min,286.19277018670067
HU-RS Schedule_t+690min,285.91588808604297
Estimated Wind Power Production (Day-Ahead)_t+510min,285.82644523903946
Estimated Wind Power Production (Intraday)_t+600min,284.90216284092344
Wind Power Actual - Net Commercial Settlement_t-180min,284.8744390675138
HU-HR_t-600min,282.990726138294
HU-HR_t-300min,282.93740896377943
Positive Balancing Energy Unit Price for Balance Groups (HUF/kWh)_t-120min,282.6405087466884
Estimated Wind Power Production (Current)_t+75min,282.58905649747743
HU-RS_t-330min,282.5424492043417
Positive GCC Energy (kWh)_t-255min,281.697216609183
Wind Power Actual - Net Commercial Settlement_t-360min,281.330648809733
Wind Power Actual - Net Commercial Settlement_t-165min,281.2565334128086
Activated Positive aFRR Balancing Energy (kWh)_t-600min,281.00626587353065
Requested Positive aFRR Balancing Energy (kWh)_t-585min,280.9589356475786
Positive GCC Energy (kWh)_t-315min,280.8608834540393
Estimated Wind Power Production (Intraday)_t+15min,280.8547734424959
HU-RS Schedule_t+660min,280.7455507425145
HU-AT_t-405min,280.6045080326925
Estimated Wind Power Production (Current)_t+345min,280.2037363637996
HU-HR Schedule_t+675min,279.4158378569289
Estimated Wind Power Production (Intraday)_t+270min,279.14660332825423
Gross Certified System Load (Actual)_t-270min,278.70297192769533
Estimated Solar Power Production (Intraday)_t+495min,278.0498986413455
Estimated Wind Power Production (Current)_t+600min,277.535176892175
Estimated Wind Power Production (Intraday)_t+450min,276.2805289619732
HU-SK Schedule_t+360min,276.14459763748334
HU-RO_t-90min,275.60068835320294
Positive GCC Energy (kWh)_t-405min,275.45337004492546
Gross System Load Forecast (Day-Ahead)_t+630min,275.3395271971177
Positive GCC Energy (kWh)_t-600min,274.85101122226484
HU-RS Schedule_t+360min,274.53231833928663
Activated Positive aFRR Balancing Energy (kWh)_t-495min,274.0856454726267
HU-RS Schedule_t+435min,273.25863496167193
Gross Actual Power Plant Generation_t-540min,273.1770502193727
Positive Balancing Energy Unit Price for Balance Groups (HUF/kWh)_t-495min,272.93083288034575
Requested Negative aFRR Balancing Energy (kWh)_t-570min,272.8971753023126
Wind Power Actual - Net Operational Control_t-180min,272.5070491422373
HU-HR Schedule_t+690min,272.47661338231603
HU-AT_t-255min,272.41668535666565
Positive GCC Energy (kWh)_t-390min,272.3527354570049
Positive GCC Energy (kWh)_t-375min,272.23454998175475
System Direction (kWh)_t-570min,272.1239637839393
Wind Power Actual - Net Operational Control_t-270min,271.6336638081308
Wind Power Actual - Net Operational Control_t-600min,271.0595262590755
HU-RS_t-225min,270.83647994947296
Gross Certified System Load (Actual)_t-210min,270.56119619810886
HU-HR_t-255min,270.55742786639837
Activated Positive aFRR Balancing Energy Cost (HUF)_t-480min,270.4298043846076
HU-HR_t-150min,269.84628219109493
Wind Power Actual - Net Operational Control_t-525min,269.77468964964055
Positive Balancing Energy Unit Price for Balance Groups (HUF/kWh)_t-450min,269.50936200035227
Positive GCC Energy (kWh)_t-420min,269.3652178467933
Estimated Wind Power Production (Current)_t+60min,269.2276800509829
Wind Power Actual - Net Commercial Settlement_t-240min,269.1678932663165
Negative Balancing Energy Unit Price for Balance Groups (HUF/kWh)_t-345min,268.88277597460046
100m_wind_speed_std_t+45min,268.7402892504856
Activated Positive aFRR Balancing Energy (kWh)_t-375min,268.5818005241782
Estimated Wind Power Production (Intraday)_t+390min,268.5654089579138
Negative Balancing Energy Unit Price for Balance Groups (HUF/kWh)_t-480min,267.3113604287649
Estimated Wind Power Production (Current)_t+555min,267.2216967946604
Estimated Wind Power Production (Day-Ahead)_t+465min,266.8704471359559
Activated Positive aFRR Balancing Energy (kWh)_t-555min,266.5521653287454
Gross System Load Forecast (Day-Ahead)_t+615min,266.5076216904071
Negative Balancing Energy Unit Price for Balance Groups (HUF/kWh)_t-600min,266.44448741349373
HU-RS Schedule_t+240min,266.26476928473653
Activated Positive aFRR Balancing Energy (kWh)_t-510min,266.18603224279275
Gross Certified System Load (Actual)_t-60min,266.0379720217296
Wind Power Actual - Net Operational Control_t-540min,265.5476554706711
Estimated Solar Power Production (Day-Ahead)_t+480min,265.0880243301827
Wind Power Actual - Net Commercial Settlement_t-105min,265.02472462889926
Positive Balancing Energy Unit Price for Balance Groups (HUF/kWh)_t-555min,264.9304000344423
Activated Positive aFRR Balancing Energy (kWh)_t-210min,264.69819800848467
HU-HR_t-360min,264.5309426196488
Estimated Wind Power Production (Intraday)_t+570min,263.9003845337595
HU-RO_t-420min,263.787758443699
HU-HR_t-270min,262.4741467647396
HU-RS Schedule_t+630min,262.0025253637788
Activated Positive aFRR Balancing Energy Cost (HUF)_t-585min,261.2881355824514
Positive Balancing Energy Unit Price for Balance Groups (HUF/kWh)_t-90min,261.2082439021747
HU-AT_t-195min,261.0717482395778
HU-RS Schedule_t+675min,260.33916712464645
Gross Certified System Load (Actual)_t-300min,259.89285047543586
Wind Power Actual - Net Operational Control_t-315min,259.33935686362133
Wind Power Actual - Net Operational Control_t-105min,259.11677266759705
System Direction (kWh)_t-585min,259.0473705443767
Estimated Wind Power Production (Current)_t+330min,258.8266284266589
Wind Power Actual - Net Commercial Settlement_t-555min,258.06823498235735
Activated Positive aFRR Balancing Energy (kWh)_t-315min,257.2130006184169
Estimated Wind Power Production (Day-Ahead)_t+360min,257.1481783087896
Estimated Solar Power Production (Intraday)_t+330min,256.7626032297219
Estimated Wind Power Production (Day-Ahead)_t+315min,254.39969781675097
System Direction (kWh)_t-210min,254.2376216828576
HU-RS Schedule_t+255min,253.9912090679585
HU-RO_t-375min,253.55967830517687
HU-RS_t-480min,253.02487091281765
Wind Power Actual - Net Commercial Settlement_t-465min,252.69071266382298
Estimated Wind Power Production (Day-Ahead)_t+525min,251.9450419673168
HU-HR Schedule_t+630min,251.84619952839475
Estimated Wind Power Production (Day-Ahead)_t+45min,251.5897172833041
Requested Positive aFRR Balancing Energy (kWh)_t-105min,250.9212045301573
Requested Positive aFRR Balancing Energy (kWh)_t-120min,249.71988759759975
Wind Power Actual - Net Operational Control_t-90min,249.1305388960846
Activated Positive aFRR Balancing Energy (kWh)_t-105min,248.5247563480341
Activated Negative aFRR Balancing Energy Cost (HUF)_t-165min,248.4119493621251
Wind Power Actual - Net Operational Control_t-195min,248.36813369500356
Requested Positive aFRR Balancing Energy (kWh)_t-555min,247.48540341677355
HU-RS Schedule_t+225min,247.07414597427868
Estimated Wind Power Production (Current)_t+390min,245.52986006917376
System Direction (kWh)_t-180min,244.0888625590853
Estimated Wind Power Production (Intraday)_t+30min,243.76986024295033
Wind Power Actual - Net Commercial Settlement_t-450min,243.49639849412674
Estimated Wind Power Production (Intraday)_t+495min,243.16316972374904
Negative Balancing Energy Unit Price for Balance Groups (HUF/kWh)_t-585min,243.00672075332875
Wind Power Actual - Net Operational Control_t-420min,242.99327854240127
HU-SK Schedule_t+615min,242.60953058300328
Wind Power Actual - Net Commercial Settlement_t-330min,242.5983285811604
Wind Power Actual - Net Commercial Settlement_t-525min,241.25713537870124
Estimated Wind Power Production (Day-Ahead)_t+495min,238.9118649040579
Wind Power Actual - Net Operational Control_t-390min,238.56345194169336
HU-RS Schedule_t+465min,236.5915689038922
Positive Balancing Energy Unit Price for Balance Groups (HUF/kWh)_t-435min,235.92102492185646
Activated Positive aFRR Balancing Energy Cost (HUF)_t-555min,235.60007856583752
Activated Negative aFRR Balancing Energy Cost (HUF)_t-600min,235.21021879829738
Positive GCC Energy (kWh)_t-90min,234.9614396949853
Activated Negative aFRR Balancing Energy Cost (HUF)_t-105min,234.15588769079952
HU-RO_t-225min,234.04952658599424
Estimated Wind Power Production (Day-Ahead)_t+390min,233.9754588214759
Estimated Wind Power Production (Current)_t+570min,233.73376087876866
Wind Power Actual - Net Commercial Settlement_t-285min,232.37192345649459
Wind Power Actual - Net Commercial Settlement_t-300min,231.28252062659274
Wind Power Actual - Net Commercial Settlement_t-345min,230.31622625829743
Wind Power Actual - Net Commercial Settlement_t-600min,230.13137905740223
Estimated Wind Power Production (Day-Ahead)_t+405min,229.92395842247592
Positive Balancing Energy Unit Price for Balance Groups (HUF/kWh)_t-540min,229.8402552052933
HU-RS Schedule_t+525min,229.5228935201338
HU-RS Schedule_t+705min,229.5091330641836
HU-HR_t-210min,229.45428120156384
System Direction (kWh)_t-600min,228.7831438577404
Estimated Wind Power Production (Current)_t+375min,228.68492041080148
Estimated Wind Power Production (Intraday)_t+465min,228.23890313992635
System Direction (kWh)_t-420min,227.46194478184574
Wind Power Actual - Net Operational Control_t-405min,225.735990313355
Activated Positive aFRR Balancing Energy (kWh)_t-570min,225.52492681227884
Requested Positive aFRR Balancing Energy (kWh)_t-330min,225.2590476453164
Positive GCC Energy (kWh)_t-585min,225.25319814543576
HU-RS Schedule_t+585min,224.92564064713787
Estimated Wind Power Production (Intraday)_t+510min,224.4087904577529
Positive Balancing Energy Unit Price for Balance Groups (HUF/kWh)_t-240min,223.8785620358026
Wind Power Actual - Net Operational Control_t-360min,223.3842996786628
Activated Positive aFRR Balancing Energy (kWh)_t-540min,223.2969454908232
100m_wind_speed_std_t+30min,222.49949020570952
Positive GCC Energy (kWh)_t-135min,222.17412420304044
Activated Positive aFRR Balancing Energy (kWh)_t-405min,221.78685445660568
Estimated Wind Power Production (Intraday)_t+315min,220.68578670125515
System Direction (kWh)_t-435min,220.64213803469534
Estimated Wind Power Production (Day-Ahead)_t+600min,220.39704561280178
Activated Positive aFRR Balancing Energy Cost (HUF)_t-540min,220.26708260898266
Activated Positive aFRR Balancing Energy Cost (HUF)_t-450min,219.26709165997426
Positive GCC Energy (kWh)_t-435min,218.5720017673334
Wind Power Actual - Net Operational Control_t-210min,218.13688185749223
Wind Power Actual - Net Commercial Settlement_t-480min,218.12419432781783
Positive Balancing Energy Unit Price for Balance Groups (HUF/kWh)_t-465min,217.92126450357102
Wind Power Actual - Net Operational Control_t-510min,215.37026669253507
Estimated Wind Power Production (Day-Ahead)_t+15min,215.23821127584077
Estimated Wind Power Production (Day-Ahead)_t+30min,214.12654318886516
Wind Power Actual - Net Operational Control_t-570min,214.08353385455115
Estimated Wind Power Production (Current)_t+525min,213.0746042427818
Estimated Wind Power Production (Intraday)_t+585min,212.32290954488184
Estimated Wind Power Production (Intraday),212.26311488672957
Positive GCC Energy (kWh)_t-180min,212.23002442640217
Activated Positive aFRR Balancing Energy Cost (HUF)_t-600min,210.45025216097994
Estimated Wind Power Production (Intraday)_t+300min,209.82617257706482
Activated Positive aFRR Balancing Energy Cost (HUF)_t-510min,209.61869659675392
Positive GCC Energy (kWh)_t-210min,209.57090059796099
Wind Power Actual - Net Operational Control_t-555min,208.02649695036158
HU-RO_t-240min,207.88975974824467
Activated Positive aFRR Balancing Energy (kWh)_t-435min,207.86671995843182
HU-RS Schedule_t+600min,207.4480789641533
Positive Balancing Energy Unit Price for Balance Groups (HUF/kWh)_t-195min,206.8941104882636
Estimated Wind Power Production (Current)_t+495min,206.83226790936226
Activated Negative aFRR Balancing Energy Cost (HUF)_t-420min,205.92052815113897
Estimated Wind Power Production (Current)_t+285min,201.6191541360409
Estimated Wind Power Production (Current)_t+270min,201.03979987644868
Activated Positive aFRR Balancing Energy Cost (HUF)_t-525min,199.56479133008986
Estimated Wind Power Production (Intraday)_t+60min,198.41055515743867
Estimated Wind Power Production (Intraday)_t+480min,197.33256376079353
Estimated Wind Power Production (Intraday)_t+405min,197.03116915768686
Wind Power Actual - Net Operational Control_t-240min,196.5893831845121
Estimated Wind Power Production (Day-Ahead)_t+420min,196.39843993217295
Estimated Wind Power Production (Current)_t+510min,196.27927544728806
Estimated Wind Power Production (Current),195.02273035488176
Activated Negative aFRR Balancing Energy Cost (HUF)_t-60min,194.343315553408
Negative Balancing Energy Unit Price for Balance Groups (HUF/kWh)_t-255min,193.1181001798505
Activated Positive aFRR Balancing Energy Cost (HUF)_t-570min,192.98401409958493
Activated Positive aFRR Balancing Energy Cost (HUF)_t-435min,190.25752832647177
Estimated Wind Power Production (Intraday)_t+420min,189.7712154034142
Estimated Wind Power Production (Intraday)_t+360min,187.8427319881281
Wind Power Actual - Net Commercial Settlement_t-270min,187.54159406337465
Wind Power Actual - Net Operational Control_t-330min,184.1167015509908
Wind Power Actual - Net Commercial Settlement_t-195min,184.06609196615298
Positive GCC Energy (kWh)_t-195min,180.09238037141017
Activated Negative aFRR Balancing Energy Cost (HUF)_t-480min,178.89470448379373
Wind Power Actual - Net Operational Control_t-165min,178.3674514790423
Activated Negative aFRR Balancing Energy Cost (HUF)_t-525min,174.02412308712206
Positive GCC Energy (kWh)_t-165min,171.06596332387596
Wind Power Actual - Net Commercial Settlement_t-315min,169.9418384987516
Estimated Wind Power Production (Day-Ahead)_t+330min,168.94315609057693
Activated Negative aFRR Balancing Energy Cost (HUF)_t-150min,168.88099639599287
Estimated Wind Power Production (Intraday)_t+375min,166.15491484013
Requested Positive aFRR Balancing Energy (kWh)_t-570min,163.48067397778604
Estimated Wind Power Production (Intraday)_t+330min,160.70432006532315
Estimated Wind Power Production (Current)_t+15min,157.23277450821314
Activated Negative aFRR Balancing Energy Cost (HUF)_t-450min,155.04885440833613
Activated Negative aFRR Balancing Energy Cost (HUF)_t-90min,153.6480754838791
Activated Negative aFRR Balancing Energy Cost (HUF)_t-375min,151.89259608787935
Activated Negative aFRR Balancing Energy Cost (HUF)_t-435min,151.6855682201542
Requested Positive aFRR Balancing Energy (kWh)_t-210min,151.47864056252766
Activated Negative aFRR Balancing Energy Cost (HUF)_t-135min,150.26184482790293
Activated Negative aFRR Balancing Energy Cost (HUF)_t-540min,149.6710921516505
Activated Negative aFRR Balancing Energy Cost (HUF)_t-555min,148.96880805803954
Activated Negative aFRR Balancing Energy Cost (HUF)_t-240min,148.13714589652537
Activated Negative aFRR Balancing Energy Cost (HUF)_t-360min,146.8594923666239
HU-RS Schedule_t+165min,142.14588941793653
Activated Negative aFRR Balancing Energy Cost (HUF)_t-180min,141.3271355000777
Activated Negative aFRR Balancing Energy Cost (HUF)_t-195min,141.27769849011872
is_holiday,140.16132118828781
Activated Negative aFRR Balancing Energy Cost (HUF)_t-585min,135.91605328817252
Activated Negative aFRR Balancing Energy Cost (HUF)_t-75min,130.48561044103337
Activated Negative aFRR Balancing Energy Cost (HUF)_t-120min,123.52244674853219
Activated Negative aFRR Balancing Energy Cost (HUF)_t-345min,123.14006793086499
Activated Negative aFRR Balancing Energy Cost (HUF)_t-210min,118.15115837026907
Activated Negative aFRR Balancing Energy Cost (HUF)_t-495min,117.84479284207617
Activated Negative aFRR Balancing Energy Cost (HUF)_t-300min,116.07140335371618
Activated Negative aFRR Balancing Energy Cost (HUF)_t-285min,114.59480076933383
Activated Negative aFRR Balancing Energy Cost (HUF)_t-465min,114.38039832473845
Activated Negative aFRR Balancing Energy Cost (HUF)_t-225min,112.25118547440943
Activated Negative aFRR Balancing Energy Cost (HUF)_t-510min,102.42791860800827
Activated Negative aFRR Balancing Energy Cost (HUF)_t-405min,101.93592156862823
Activated Negative aFRR Balancing Energy Cost (HUF)_t-390min,94.83034898804237
Activated Negative aFRR Balancing Energy Cost (HUF)_t-570min,93.61896227988173
Activated Negative aFRR Balancing Energy Cost (HUF)_t-315min,92.26215436375576
Activated Negative aFRR Balancing Energy Cost (HUF)_t-330min,86.94638005514574
Activated Negative aFRR Balancing Energy Cost (HUF)_t-255min,79.07021155491539
Activated Negative aFRR Balancing Energy Cost (HUF)_t-270min,78.65497624693879
